YearAdj,Season,Region,SVIndex,YearType,Drought,Temperature,Salinity,Secchi
1975,Winter,Confluence,9.35,Wet,W,7.9071428571428575,0.1634875568341887,44.75
1975,Winter,North,9.35,Wet,W,9,0.0625020577388783,43
1975,Winter,SouthCentral,9.35,Wet,W,8.377777777777776,0.1761940173772455,53.41666666666667
1975,Winter,Suisun Bay,9.35,Wet,W,8.515,2.5630039639644835,38.2
1975,Winter,Suisun Marsh,9.35,Wet,W,NA,NA,NA
1975,Spring,Confluence,9.35,Wet,W,13.528,0.08412247994423744,30.316666666666666
1975,Spring,North,9.35,Wet,W,13.166666666666666,0.05970257628557549,29.166666666666668
1975,Spring,SouthCentral,9.35,Wet,W,13.796296296296296,0.14106897407049113,34.14285714285714
1975,Spring,Suisun Bay,9.35,Wet,W,13.59074074074074,0.9204569757843638,20.433333333333334
1975,Spring,Suisun Marsh,9.35,Wet,W,NA,NA,NA
1975,Summer,Confluence,9.35,Wet,W,21.307183261183262,0.17635282177984948,36.6446127946128
1975,Summer,North,9.35,Wet,W,19.833333333333332,0.0633470375148345,54.166666666666664
1975,Summer,SouthCentral,9.35,Wet,W,22.63389694041868,0.11807595404863584,38.228473998294966
1975,Summer,Suisun Bay,9.35,Wet,W,19.924646206308612,2.6043041352018665,33.59622367465505
1975,Summer,Suisun Marsh,9.35,Wet,W,21.4525,1.2198524437430889,19.444444444444443
1975,Fall,Confluence,9.35,Wet,W,16.563283950617283,0.15453968241324398,51.59135802469136
1975,Fall,North,9.35,Wet,W,15.11111111111111,0.059469043235536034,67.5
1975,Fall,SouthCentral,9.35,Wet,W,16.630976430976432,0.11450269588189191,53.264550264550266
1975,Fall,Suisun Bay,9.35,Wet,W,16.551491295442908,2.5290068002021404,27.53736442768701
1975,Fall,Suisun Marsh,9.35,Wet,W,16.044444444444444,0.8963357339163943,27
1976,Winter,Confluence,5.29,Critical,D,9.806172839506173,0.6178594514055277,66.45308641975309
1976,Winter,North,5.29,Critical,D,9.583333333333334,0.06537122470211806,82.66666666666667
1976,Winter,SouthCentral,5.29,Critical,D,9.925925925925926,0.140084239815599,68.23809523809524
1976,Winter,Suisun Bay,5.29,Critical,D,10.408064516129032,7.31516099539265,51.28225806451613
1976,Winter,Suisun Marsh,5.29,Critical,D,8.933333333333334,0.8328144270420187,38.666666666666664
1976,Spring,Confluence,5.29,Critical,D,15.733034816181362,1.2057941385690527,38.55769229546571
1976,Spring,North,5.29,Critical,D,15.246913909912108,0.07231415277166865,68.76190467675526
1976,Spring,SouthCentral,5.29,Critical,D,16.24074074074074,0.20781373755829777,45.467032967032964
1976,Spring,Suisun Bay,5.29,Critical,D,15.180681818181819,8.257442699715597,32.125
1976,Spring,Suisun Marsh,5.29,Critical,D,NA,NA,NA
1976,Summer,Confluence,5.29,Critical,D,21.369846273292847,1.5865023975673327,38.52040238049866
1976,Summer,North,5.29,Critical,D,21.71316968847204,0.07761515186605451,78.63888901803229
1976,Summer,SouthCentral,5.29,Critical,D,22.70214045214045,0.24236551664143918,41.05238095238095
1976,Summer,Suisun Bay,5.29,Critical,D,20.92111111111111,9.54469028440534,50.04404761904762
1976,Summer,Suisun Marsh,5.29,Critical,D,22.458333333333336,7.655325884811354,35.16666666666667
1976,Fall,Confluence,5.29,Critical,D,19.00610520938253,1.7753288063576462,57.591393042971696
1976,Fall,North,5.29,Critical,D,17.666666666666668,0.08151127212232848,80.16666666666667
1976,Fall,SouthCentral,5.29,Critical,D,18.973400673400675,0.2682649688413632,55.6244942421413
1976,Fall,Suisun Bay,5.29,Critical,D,18.562594696969697,9.083952529696113,73.73065476190476
1976,Fall,Suisun Marsh,5.29,Critical,D,17.366666666666667,6.245428161026957,48.33333333333333
1977,Winter,Confluence,3.11,Critical,D,10.026470588235295,2.753146191117128,58.76078431372549
1977,Winter,North,3.11,Critical,D,9.916666666666666,0.07854888030430308,98.66666666666667
1977,Winter,SouthCentral,3.11,Critical,D,9.897222222222222,0.3999774744982463,57.58095238095238
1977,Winter,Suisun Bay,3.11,Critical,D,10.177586206896551,12.047255632098071,57.706896551724135
1977,Winter,Suisun Marsh,3.11,Critical,D,7.833333333333333,6.758675363722437,42
1977,Spring,Confluence,3.11,Critical,D,15.646429367917197,3.39205677429699,39.54901959966211
1977,Spring,North,3.11,Critical,D,15.642450601626667,0.0910114962112855,68.03333331425985
1977,Spring,SouthCentral,3.11,Critical,D,15.75925925925926,0.42717056856707597,38.87179487179487
1977,Spring,Suisun Bay,3.11,Critical,D,15.433333333333334,13.043633036437177,62.083333333333336
1977,Spring,Suisun Marsh,3.11,Critical,D,NA,NA,NA
1977,Summer,Confluence,3.11,Critical,D,21.817338676491083,3.3692160948255214,44.31481481922997
1977,Summer,North,3.11,Critical,D,23.404421620898777,0.08423573912712568,76.88018422302562
1977,Summer,SouthCentral,3.11,Critical,D,24.10685127674258,0.44515355255305655,43.7979797979798
1977,Summer,Suisun Bay,3.11,Critical,D,20.412916666666668,14.582343384627096,72.48095238095237
1977,Summer,Suisun Marsh,3.11,Critical,D,21.032222222222224,12.816072490725166,65
1977,Fall,Confluence,3.11,Critical,D,18.14666881374128,3.9344459581835856,48.87512195121951
1977,Fall,North,3.11,Critical,D,18.333333333333332,0.11506290705154824,82.5
1977,Fall,SouthCentral,3.11,Critical,D,18.931746031746034,0.4845018024686595,52.36013071895425
1977,Fall,Suisun Bay,3.11,Critical,D,17.68773148148148,14.90961008226363,79.70684523809524
1977,Fall,Suisun Marsh,3.11,Critical,D,17.11111111111111,12.212897231955239,51.88888888888889
1978,Winter,Confluence,8.65,Above Normal,N,11.154817275747508,1.3714265245738035,28.513675213675214
1978,Winter,North,8.65,Above Normal,N,10.666666666666666,0.08065507609566651,35.333333333333336
1978,Winter,SouthCentral,8.65,Above Normal,N,11.131481481481481,0.31646067467043226,34.11904761904762
1978,Winter,Suisun Bay,8.65,Above Normal,N,11.361884978820463,5.818347564707007,36.188378033205616
1978,Winter,Suisun Marsh,8.65,Above Normal,N,12.566666666666666,4.664647107015715,39
1978,Spring,Confluence,8.65,Above Normal,N,15.762966094251137,0.10144169773375906,31.39109931487163
1978,Spring,North,8.65,Above Normal,N,13.722222222222223,0.05435518866327219,28.666666666666668
1978,Spring,SouthCentral,8.65,Above Normal,N,16.603174603174605,0.13248995261893898,35.23006993006993
1978,Spring,Suisun Bay,8.65,Above Normal,N,15.663383838383838,0.6217705180087886,24.73850574712644
1978,Spring,Suisun Marsh,8.65,Above Normal,N,15.5,0.9621249372271004,16.5
1978,Summer,Confluence,8.65,Above Normal,N,21.838146603096114,0.8712139637140839,29.867089375705966
1978,Summer,North,8.65,Above Normal,N,21.859788728138764,0.07047740674658545,63.47435898658557
1978,Summer,SouthCentral,8.65,Above Normal,N,23.824776282493673,0.16586946882976988,35.15199615199615
1978,Summer,Suisun Bay,8.65,Above Normal,N,20.348055555555554,7.249742063912405,36.34761904761905
1978,Summer,Suisun Marsh,8.65,Above Normal,N,20.86504761904762,4.684411595328079,23.45
1978,Fall,Confluence,8.65,Above Normal,N,17.43407027743778,0.5101355299311698,39.90897788466177
1978,Fall,North,8.65,Above Normal,N,15.611111111111112,0.06521246100334499,65.83333333333333
1978,Fall,SouthCentral,8.65,Above Normal,N,17.155072463768114,0.1343257989560043,56.82236842105263
1978,Fall,Suisun Bay,8.65,Above Normal,N,17.53770770770771,5.486119921522336,28.007381507381506
1978,Fall,Suisun Marsh,8.65,Above Normal,N,17.076666666666668,4.129449365048236,22.666666666666668
1979,Winter,Confluence,6.67,Below Normal,N,9.21570313629137,0.26750323513738317,38.34699074074074
1979,Winter,North,6.67,Below Normal,N,9.5,0.07423551869843367,48.666666666666664
1979,Winter,SouthCentral,6.67,Below Normal,N,9.856239316239316,0.15102026263892473,40.83279220779221
1979,Winter,Suisun Bay,6.67,Below Normal,N,9.489116379310344,3.763803633899066,30.47142857142857
1979,Winter,Suisun Marsh,6.67,Below Normal,N,9.241666666666667,2.578529082292625,22.958333333333336
1979,Spring,Confluence,6.67,Below Normal,N,15.892948646263541,0.16014850727998192,36.00661377992474
1979,Spring,North,6.67,Below Normal,N,14.777777777777777,0.07207857423034862,51.333333333333336
1979,Spring,SouthCentral,6.67,Below Normal,N,16.09259259259259,0.16083543553466353,41.61904761904762
1979,Spring,Suisun Bay,6.67,Below Normal,N,14.991666666666667,1.8959366438410115,26.625
1979,Spring,Suisun Marsh,6.67,Below Normal,N,16.22222222222222,1.5905546610815073,19.666666666666668
1979,Summer,Confluence,6.67,Below Normal,N,22.00993028868533,1.0311142161026496,29.867943415492054
1979,Summer,North,6.67,Below Normal,N,20.93732243725377,0.0704796848935385,73.8333333267106
1979,Summer,SouthCentral,6.67,Below Normal,N,23.597330602491894,0.1791010752861745,37.22936507936508
1979,Summer,Suisun Bay,6.67,Below Normal,N,20.85236111111111,7.094947226269884,34.52619047619048
1979,Summer,Suisun Marsh,6.67,Below Normal,N,22.43952380952381,4.577628821546885,25.876190476190477
1979,Fall,Confluence,6.67,Below Normal,N,19.238654401154403,1.2333969547327286,43.22592592592593
1979,Fall,North,6.67,Below Normal,N,16.734126984126984,0.0821755519147634,81.83333333333333
1979,Fall,SouthCentral,6.67,Below Normal,N,17.833333333333332,0.1940697182353548,54.952380952380956
1979,Fall,Suisun Bay,6.67,Below Normal,N,18.65,8.415790329336899,46.986111111111114
1979,Fall,Suisun Marsh,6.67,Below Normal,N,16.658730158730158,7.511112156481159,35.5
1980,Winter,Confluence,9.04,Above Normal,N,10.489311464767011,0.23228493901440816,33.93333353201548
1980,Winter,North,9.04,Above Normal,N,9.730263157894736,0.049310479231421366,61
1980,Winter,SouthCentral,9.04,Above Normal,N,10.206349206349206,0.13023944210209829,34.57142857142857
1980,Winter,Suisun Bay,9.04,Above Normal,N,10.613253968253968,3.02594343304098,28.09090909090909
1980,Winter,Suisun Marsh,9.04,Above Normal,N,10.213333333333335,1.9774804798125512,17.583333333333336
1980,Spring,Confluence,9.04,Above Normal,N,15.26536621351135,0.0898689552176309,41.49580938503203
1980,Spring,North,9.04,Above Normal,N,14.525573192239857,0.06617128578588098,60.166666666666664
1980,Spring,SouthCentral,9.04,Above Normal,N,15.583877995642702,0.10877999056680498,45.57179487179487
1980,Spring,Suisun Bay,9.04,Above Normal,N,15.062384716732543,1.1326471653314811,26.644444444444442
1980,Spring,Suisun Marsh,9.04,Above Normal,N,15.699294565084038,1.0047921787598686,18.38768489852081
1980,Summer,Confluence,9.04,Above Normal,N,20.961868912505523,0.24355845891470473,38.00276236099893
1980,Summer,North,9.04,Above Normal,N,20.746417344134787,0.07048160036380863,74.38461523178296
1980,Summer,SouthCentral,9.04,Above Normal,N,22.374202463880287,0.13394968728029163,44.77777777777778
1980,Summer,Suisun Bay,9.04,Above Normal,N,19.76679130116959,3.413337108964002,22.910694244027578
1980,Summer,Suisun Marsh,9.04,Above Normal,N,21.16334714100065,1.7304231617441026,18.24290524290524
1980,Fall,Confluence,9.04,Above Normal,N,17.458273420804293,0.5149930087086294,47.070618448737314
1980,Fall,North,9.04,Above Normal,N,16.208104395604398,0.08157143851845192,83.33333333333333
1980,Fall,SouthCentral,9.04,Above Normal,N,17.597204968944098,0.14452622302581994,55.425438596491226
1980,Fall,Suisun Bay,9.04,Above Normal,N,17.1827457933528,5.916324717874868,34.69957264957265
1980,Fall,Suisun Marsh,9.04,Above Normal,N,17.578073316283035,4.639018567633275,27.26590909090909
1981,Winter,Confluence,6.21,Dry,N,10.429661400386266,0.6338239612326033,36.75396823930362
1981,Winter,North,6.21,Dry,N,10.737789987789988,0.07678619026621247,48.666666666666664
1981,Winter,SouthCentral,6.21,Dry,N,10.374358974358975,0.17642149029096385,59.66233766233766
1981,Winter,Suisun Bay,6.21,Dry,N,10.452002164502165,5.560914983360817,31.73939393939394
1981,Winter,Suisun Marsh,6.21,Dry,N,10.208253968253969,3.9136285074066155,25.87167277167277
1981,Spring,Confluence,6.21,Dry,N,16.926655459705533,0.38544460355081833,37.168142780921535
1981,Spring,North,6.21,Dry,N,16.445173453996983,0.08100789496933937,60.666666666666664
1981,Spring,SouthCentral,6.21,Dry,N,18.03009259259259,0.19805202490002619,44.23809523809524
1981,Spring,Suisun Bay,6.21,Dry,N,16.19063492063492,4.325993136919611,29.51904761904762
1981,Spring,Suisun Marsh,6.21,Dry,N,16.97912457912458,3.037777134466732,19.297619047619047
1981,Summer,Confluence,6.21,Dry,N,22.408097675408413,1.3421039171543696,36.54298080950883
1981,Summer,North,6.21,Dry,N,22.84887577634869,0.08259858938972105,79.06249984602134
1981,Summer,SouthCentral,6.21,Dry,N,23.956716833890745,0.22048857811174646,44.7037037037037
1981,Summer,Suisun Bay,6.21,Dry,N,20.87825396825397,9.137280541398344,43.08427128427129
1981,Summer,Suisun Marsh,6.21,Dry,N,22.006626180836708,6.753621378152342,27.615530303030305
1981,Fall,Confluence,6.21,Dry,N,18.084836563307494,1.68860275435789,46.620392536859704
1981,Fall,North,6.21,Dry,N,18.26212121212121,0.09328154487545041,64.33333333333333
1981,Fall,SouthCentral,6.21,Dry,N,19.019744176494747,0.2636401778640287,60.51536416799575
1981,Fall,Suisun Bay,6.21,Dry,N,17.2651221001221,10.111717337601863,50.21209781209781
1981,Fall,Suisun Marsh,6.21,Dry,N,17.888119658119656,8.74836474352765,38.587606837606835
1982,Winter,Confluence,12.76,Wet,W,10.275757575757575,0.09201150709541388,32.52884615384615
1982,Winter,North,12.76,Wet,W,10.194444444444445,0.06105939845714762,53.333333333333336
1982,Winter,SouthCentral,12.76,Wet,W,9.561481481481481,0.19525645541433825,43.80952380952381
1982,Winter,Suisun Bay,12.76,Wet,W,9.50073145245559,1.4400983086789643,28.632183908045977
1982,Winter,Suisun Marsh,12.76,Wet,W,8.911904761904761,0.783653537811441,20.555555555555557
1982,Spring,Confluence,12.76,Wet,W,14.739573251484911,0.07431546743458374,42.32185982832394
1982,Spring,North,12.76,Wet,W,14.092592592592593,0.049480043294511736,36.5
1982,Spring,SouthCentral,12.76,Wet,W,16.074074074074076,0.12198585592203284,55.44155844155844
1982,Spring,Suisun Bay,12.76,Wet,W,13.780000000000001,0.3396847347222195,28.08787878787879
1982,Spring,Suisun Marsh,12.76,Wet,W,14.948688811188811,0.47182147113830514,21.00462962962963
1982,Summer,Confluence,12.76,Wet,W,21.270189087017865,0.15076228865722788,39.93071894183073
1982,Summer,North,12.76,Wet,W,21.31845238095238,0.06752351445854005,64.83333333333333
1982,Summer,SouthCentral,12.76,Wet,W,22.554751552795032,0.13369981041902193,43.24074074074074
1982,Summer,Suisun Bay,12.76,Wet,W,19.859255026455028,2.179347587764912,27.154497354497355
1982,Summer,Suisun Marsh,12.76,Wet,W,20.345982142857142,0.9377244898124131,18.802255639097744
1982,Fall,Confluence,12.76,Wet,W,16.390608228980323,0.0999405987884282,61.483364252744096
1982,Fall,North,12.76,Wet,W,15.722222222222223,0.06962571415855837,61.833333333333336
1982,Fall,SouthCentral,12.76,Wet,W,16.88040890269151,0.10603012005807329,57.37309941520468
1982,Fall,Suisun Bay,12.76,Wet,W,16.813902988354208,1.8600476051973813,27.229054054054053
1982,Fall,Suisun Marsh,12.76,Wet,W,16.399053724053722,0.8991850843602179,23.206099456099455
1983,Winter,Confluence,15.29,Wet,W,10.368353174603174,0.09085195572598971,29.563492063492063
1983,Winter,North,15.29,Wet,W,8.75,0.052917651972932744,22
1983,Winter,SouthCentral,15.29,Wet,W,9.595622895622895,0.10814951466125884,36.6931216931217
1983,Winter,Suisun Bay,15.29,Wet,W,10.064864864864864,0.326119175830594,25.99831081081081
1983,Winter,Suisun Marsh,15.29,Wet,W,9.605194805194806,0.3873032029973789,25.01904761904762
1983,Spring,Confluence,15.29,Wet,W,14.18673709617487,0.0968608810525033,37.36880875727585
1983,Spring,North,15.29,Wet,W,11.833333333333334,0.04692861601730585,21.333333333333332
1983,Spring,SouthCentral,15.29,Wet,W,14,0.11961616370559111,46.714285714285715
1983,Spring,Suisun Bay,15.29,Wet,W,13.298787878787879,0.09473152838007672,25.05151515151515
1983,Spring,Suisun Marsh,15.29,Wet,W,15.008333333333333,0.2950124922001755,16.714285714285715
1983,Summer,Confluence,15.29,Wet,W,21.355272169276983,0.06895851369338897,48.80394645966623
1983,Summer,North,15.29,Wet,W,19,0.047249658692585905,55.333333333333336
1983,Summer,SouthCentral,15.29,Wet,W,22.45601851851852,0.083941662456833,43.50543024227235
1983,Summer,Suisun Bay,15.29,Wet,W,21.261765480895914,0.570778468916469,33.59156785243742
1983,Summer,Suisun Marsh,15.29,Wet,W,20.22674074074074,0.22453253960706251,21.261507936507936
1983,Fall,Confluence,15.29,Wet,W,17.933608957795006,0.07998048248339908,65.8120585701981
1983,Fall,North,15.29,Wet,W,16.666666666666668,0.05986191703747832,90
1983,Fall,SouthCentral,15.29,Wet,W,17.77787545787546,0.09608317982746477,54.82954545454545
1983,Fall,Suisun Bay,15.29,Wet,W,19.201576576576578,1.0062142906744531,40.86911911911912
1983,Fall,Suisun Marsh,15.29,Wet,W,17.725,0.24611124962359718,30.677777777777777
1984,Winter,Confluence,10,Wet,W,10.309346567411083,0.10088013274148407,49.61786600496278
1984,Winter,North,10,Wet,W,8.916666666666666,0.06664704119547663,42.666666666666664
1984,Winter,SouthCentral,10,Wet,W,10.523809523809524,0.12989144373972325,57.733333333333334
1984,Winter,Suisun Bay,10,Wet,W,10.071632996632996,0.6849484638238846,37.926767676767675
1984,Winter,Suisun Marsh,10,Wet,W,9.745833333333334,0.33059836365979367,26.48611111111111
1984,Spring,Confluence,10,Wet,W,15.7600196585696,0.22860581716221698,57.54543424655444
1984,Spring,North,10,Wet,W,13.666666666666666,0.07215379626096416,56
1984,Spring,SouthCentral,10,Wet,W,16,0.18392707868302766,62.06666666666667
1984,Spring,Suisun Bay,10,Wet,W,15.106060606060606,2.9086470158928237,37.63636363636364
1984,Spring,Suisun Marsh,10,Wet,W,17.325,0.4976008439778666,20.75
1984,Summer,Confluence,10,Wet,W,22.527084670787904,0.38530635865417556,46.24979482655796
1984,Summer,North,10,Wet,W,20.77777777777778,0.06829599413586175,78.33333333333333
1984,Summer,SouthCentral,10,Wet,W,24.167929606625258,0.16951137389888596,45.162962962962965
1984,Summer,Suisun Bay,10,Wet,W,21.200673400673402,5.86881968465927,41.2027195027195
1984,Summer,Suisun Marsh,10,Wet,W,22.45611111111111,3.820419370968631,31.1
1984,Fall,Confluence,10,Wet,W,17.905818493517625,0.24464050696423484,65.05799076387312
1984,Fall,North,10,Wet,W,15,0.0736704636419326,65
1984,Fall,SouthCentral,10,Wet,W,17.044444444444444,0.15637026560117392,59.145833333333336
1984,Fall,Suisun Bay,10,Wet,W,18.394882154882154,4.69327577300061,39.682539682539684
1984,Fall,Suisun Marsh,10,Wet,W,17.54537037037037,2.9073574699038307,33.714285714285715
1985,Winter,Confluence,6.47,Dry,N,9.091990066990068,0.2218782143372082,65.08616308616308
1985,Winter,North,6.47,Dry,N,8.333333333333334,0.072074938552041,60.666666666666664
1985,Winter,SouthCentral,6.47,Dry,N,10.05952380952381,0.1697504184592352,69.8
1985,Winter,Suisun Bay,6.47,Dry,N,9.022222222222222,3.8429535282851783,47.5991341991342
1985,Winter,Suisun Marsh,6.47,Dry,N,9.15,1.6469487186200267,26.857142857142858
1985,Spring,Confluence,6.47,Dry,N,15.647625696459752,0.5782998891196719,55.68833457247714
1985,Spring,North,6.47,Dry,N,15.555555555555555,0.07947750895072032,102.33333333333333
1985,Spring,SouthCentral,6.47,Dry,N,16.790277777777778,0.19486400757931518,71.43434343434343
1985,Spring,Suisun Bay,6.47,Dry,N,14.870909090909091,7.7167941149812656,49.66060606060606
1985,Spring,Suisun Marsh,6.47,Dry,N,16.57,2.77819145162425,23.133333333333333
1985,Summer,Confluence,6.47,Dry,N,21.66859039644376,1.0421030691896644,51.08956525394882
1985,Summer,North,6.47,Dry,N,22,0.07801324506156643,72.83333333333333
1985,Summer,SouthCentral,6.47,Dry,N,23.680344932844932,0.216700852974129,57.88611111111111
1985,Summer,Suisun Bay,6.47,Dry,N,20.66079365079365,8.995876123742383,52.56825396825397
1985,Summer,Suisun Marsh,6.47,Dry,N,21.67753968253968,5.947817698496559,29.738095238095237
1985,Fall,Confluence,6.47,Dry,N,17.359599756968176,1.8008049211045012,73.82000835421888
1985,Fall,North,6.47,Dry,N,15.777777777777777,0.08254570923471871,96.33333333333333
1985,Fall,SouthCentral,6.47,Dry,N,16.813095238095237,0.2976334380238898,85.51789215686274
1985,Fall,Suisun Bay,6.47,Dry,N,17.343153153153153,10.891467678034575,73.48547297297297
1985,Fall,Suisun Marsh,6.47,Dry,N,15.85020202020202,8.040673028500827,49.77460317460317
1986,Winter,Confluence,9.96,Wet,N,10.158212058212058,1.2285433248602227,57.64229614229614
1986,Winter,North,9.96,Wet,N,9.166666666666666,0.09590643701186488,55.333333333333336
1986,Winter,SouthCentral,9.96,Wet,N,10.416666666666666,0.27605141779906045,77.11111111111111
1986,Winter,Suisun Bay,9.96,Wet,N,10.139225589225589,6.869111858917493,52.26406926406926
1986,Winter,Suisun Marsh,9.96,Wet,N,11.65,3.8415713131730005,27.78333333333333
1986,Spring,Confluence,9.96,Wet,N,16.23076925373078,0.11572726965903825,35.53861701092155
1986,Spring,North,9.96,Wet,N,14.916666666666666,0.06353193092783264,50.666666666666664
1986,Spring,SouthCentral,9.96,Wet,N,16.208333333333332,0.10095687846649977,48.25925925925926
1986,Spring,Suisun Bay,9.96,Wet,N,15.592592592592593,0.8451258709313714,23.73148148148148
1986,Spring,Suisun Marsh,9.96,Wet,N,18.235714285714284,1.0909663529515436,19.61111111111111
1986,Summer,Confluence,9.96,Wet,N,21.26157408281693,0.42567978103606896,31.463673700243653
1986,Summer,North,9.96,Wet,N,21.833333333333332,0.07250073368068922,68
1986,Summer,SouthCentral,9.96,Wet,N,23.557380952380953,0.14970668336550239,42.53888888888889
1986,Summer,Suisun Bay,9.96,Wet,N,19.824535353535353,5.632770966331501,29.416161616161617
1986,Summer,Suisun Marsh,9.96,Wet,N,20.914097222222225,3.2864673147619445,22.0625
1986,Fall,Confluence,9.96,Wet,N,17.200503092944952,0.4917708902108469,39.074954976117766
1986,Fall,North,9.96,Wet,N,16.36111111111111,0.0677928639181706,81.33333333333333
1986,Fall,SouthCentral,9.96,Wet,N,17.21843711843712,0.16612219382927298,55.096256684491976
1986,Fall,Suisun Bay,9.96,Wet,N,17.63765303765304,5.611795101448289,39.829054054054055
1986,Fall,Suisun Marsh,9.96,Wet,N,17.125925925925927,3.281158344198157,25.857142857142858
1987,Winter,Confluence,5.86,Dry,D,10.532407407407408,1.248902644010704,57.49074074074074
1987,Winter,North,5.86,Dry,D,9.666666666666666,0.07266057988399557,74.66666666666667
1987,Winter,SouthCentral,5.86,Dry,D,10.011904761904763,0.18014978756777494,84.8
1987,Winter,Suisun Bay,5.86,Dry,D,10.382309582309581,8.494021210155548,49.8984438984439
1987,Winter,Suisun Marsh,5.86,Dry,D,9.85,4.2372454075015025,31.185185185185187
1987,Spring,Confluence,5.86,Dry,D,16.422940233143766,0.731323679442739,43.496993907603944
1987,Spring,North,5.86,Dry,D,16.125,0.07874484206582338,90.83333333333333
1987,Spring,SouthCentral,5.86,Dry,D,17.6875,0.21311446087990432,66
1987,Spring,Suisun Bay,5.86,Dry,D,16.215757575757575,5.884122782146923,48.25858585858585
1987,Spring,Suisun Marsh,5.86,Dry,D,17.494444444444444,2.750931571318745,22.116666666666667
1987,Summer,Confluence,5.86,Dry,D,21.15993102836913,1.647416965923639,43.16823132862705
1987,Summer,North,5.86,Dry,D,21.541666666666668,0.07535147736194568,62
1987,Summer,SouthCentral,5.86,Dry,D,22.9725,0.26459533813821096,53.386574074074076
1987,Summer,Suisun Bay,5.86,Dry,D,20.51141093474427,10.374440293006199,39.01058201058201
1987,Summer,Suisun Marsh,5.86,Dry,D,20.78511111111111,7.203407884576232,30.703703703703702
1987,Fall,Confluence,5.86,Dry,D,18.480144844673145,2.4183837117083957,64.99252525252525
1987,Fall,North,5.86,Dry,D,18.291666666666668,0.08294708355031298,92.5
1987,Fall,SouthCentral,5.86,Dry,D,19.571428571428573,0.34520855378814247,77.97285067873304
1987,Fall,Suisun Bay,5.86,Dry,D,18.202928913904522,11.905144503221385,51.29675839066083
1987,Fall,Suisun Marsh,5.86,Dry,D,17.24973544973545,8.519113033097904,43.52777777777778
1988,Winter,Confluence,4.65,Critical,D,10.246096866096867,1.6079829431120463,44.16994633273703
1988,Winter,North,4.65,Critical,D,9.722222222222221,0.08822613487789571,94.33333333333333
1988,Winter,SouthCentral,4.65,Critical,D,10.657051282051283,0.3151105604016225,70.55555555555556
1988,Winter,Suisun Bay,4.65,Critical,D,10.391646191646192,9.481719200002518,45.46027846027846
1988,Winter,Suisun Marsh,4.65,Critical,D,10.211111111111112,4.690428044863499,30.158730158730158
1988,Spring,Confluence,4.65,Critical,D,16.826759710687654,1.6451737360143959,44.786318496230834
1988,Spring,North,4.65,Critical,D,15.777777777777777,0.08111858129137134,86
1988,Spring,SouthCentral,4.65,Critical,D,17.041666666666668,0.2672803037204662,74.19444444444444
1988,Spring,Suisun Bay,4.65,Critical,D,16.555555555555557,9.522759676472333,47.977777777777774
1988,Spring,Suisun Marsh,4.65,Critical,D,17.599999999999998,4.127474374150909,27.583333333333332
1988,Summer,Confluence,4.65,Critical,D,21.432527914026362,1.8207602848021573,41.71072363030117
1988,Summer,North,4.65,Critical,D,21.444444444444443,0.07667458101558342,91.66666666666667
1988,Summer,SouthCentral,4.65,Critical,D,23.37052503052503,0.29855490684271957,46.854166666666664
1988,Summer,Suisun Bay,4.65,Critical,D,20.270786883029075,10.580308543581495,36.61660561660562
1988,Summer,Suisun Marsh,4.65,Critical,D,22.00902525252525,7.3810928530569075,35.11190476190476
1988,Fall,Confluence,4.65,Critical,D,17.958018196856905,2.329998616244337,61.91257014590348
1988,Fall,North,4.65,Critical,D,18.23611111111111,0.08705054537379193,103.83333333333333
1988,Fall,SouthCentral,4.65,Critical,D,19.50744810744811,0.3725232608299998,80.76648841354724
1988,Fall,Suisun Bay,4.65,Critical,D,17.451591218305506,12.16434958856615,40.03250750750751
1988,Fall,Suisun Marsh,4.65,Critical,D,15.622121212121211,5.551919953162932,39.08730158730159
1989,Winter,Confluence,6.13,Dry,D,9.881031746031747,3.179384590252211,55.31730769230769
1989,Winter,North,6.13,Dry,D,8.583333333333334,0.09069853345657634,85.33333333333333
1989,Winter,SouthCentral,6.13,Dry,D,8.958333333333334,0.3819807818150758,94.66666666666667
1989,Winter,Suisun Bay,6.13,Dry,D,9.860888888888889,13.307937315424455,39.64576802507837
1989,Winter,Suisun Marsh,6.13,Dry,D,7.875,3.295450701923971,36.08333333333333
1989,Spring,Confluence,6.13,Dry,D,16.155122082396684,0.5675478934471023,36.8093754482278
1989,Spring,North,6.13,Dry,D,15.277777777777777,0.062016479392503356,70
1989,Spring,SouthCentral,6.13,Dry,D,17.694444444444443,0.18216715141214943,64.83333333333333
1989,Spring,Suisun Bay,6.13,Dry,D,15.568409356725146,4.995384449996451,34.09292929292929
1989,Spring,Suisun Marsh,6.13,Dry,D,17.246666666666666,1.9932887055103212,18.55
1989,Summer,Confluence,6.13,Dry,D,21.18685462263656,0.7567140695314731,43.691488418587056
1989,Summer,North,6.13,Dry,D,20.72222222222222,0.06877748223956358,78
1989,Summer,SouthCentral,6.13,Dry,D,23.362420634920635,0.19386687872732578,53.6875
1989,Summer,Suisun Bay,6.13,Dry,D,19.996329824561403,7.33697499184699,32.801587301587304
1989,Summer,Suisun Marsh,6.13,Dry,D,20.915873015873014,5.661907782051178,26.12962962962963
1989,Fall,Confluence,6.13,Dry,D,18.193491271957253,1.354199147081772,62.6379713423831
1989,Fall,North,6.13,Dry,D,16.333333333333332,0.07759346584841255,84
1989,Fall,SouthCentral,6.13,Dry,D,18.813919413919415,0.2828139029740784,81.22281639928698
1989,Fall,Suisun Bay,6.13,Dry,D,18.078450292397662,9.385977244977209,50.1764705882353
1989,Fall,Suisun Marsh,6.13,Dry,D,17.552592592592593,5.257729196852502,35.71111111111111
1990,Winter,Confluence,4.81,Critical,D,10.50541414141414,1.5897015975217268,60.042307692307695
1990,Winter,North,4.81,Critical,D,9.211525934133956,0.06960142441233659,75.03333352719036
1990,Winter,SouthCentral,4.81,Critical,D,9.947435897435897,0.3025499641861573,88.85252525252525
1990,Winter,Suisun Bay,4.81,Critical,D,10.721379679144386,9.018528011348211,45.752873563218394
1990,Winter,Suisun Marsh,4.81,Critical,D,10.292857142857143,4.47113595539527,36.74444444444444
1990,Spring,Confluence,4.81,Critical,D,16.70456698883104,2.0863998825859285,47.380093036969264
1990,Spring,North,4.81,Critical,D,15.351178845492283,0.07771966166604125,98.55555562178294
1990,Spring,SouthCentral,4.81,Critical,D,17.979166666666668,0.2718044631156429,80.13888888888889
1990,Spring,Suisun Bay,4.81,Critical,D,15.795869218500798,10.444195738845064,38.94141414141414
1990,Spring,Suisun Marsh,4.81,Critical,D,18.05,5.172314839741931,22.366666666666667
1990,Summer,Confluence,4.81,Critical,D,21.729635828976825,1.431968859272016,46.98487784565723
1990,Summer,North,4.81,Critical,D,22.055555555555557,0.07500532189160451,114
1990,Summer,SouthCentral,4.81,Critical,D,24.13958485958486,0.21694942274287915,60.800000000000004
1990,Summer,Suisun Bay,4.81,Critical,D,20.83092363261094,9.058405338660654,30.085185185185185
1990,Summer,Suisun Marsh,4.81,Critical,D,21.994444444444444,5.312137360057283,24.376068376068375
1990,Fall,Confluence,4.81,Critical,D,18.133668430335096,2.07337896703493,68.62610229276896
1990,Fall,North,4.81,Critical,D,17.877777777777776,0.0781441053764807,121
1990,Fall,SouthCentral,4.81,Critical,D,18.425763125763126,0.30867217693405163,87.94117647058823
1990,Fall,Suisun Bay,4.81,Critical,D,18.27534681022486,11.699698649818167,54.8705412729803
1990,Fall,Suisun Marsh,4.81,Critical,D,17.925925925925927,8.219888184102736,43.875
1991,Winter,Confluence,4.21,Critical,D,9.435956133438403,2.7818450230208063,83.73993418505614
1991,Winter,North,4.21,Critical,D,9.216666666666667,0.09300981846209905,100.625
1991,Winter,SouthCentral,4.21,Critical,D,9.485369532428356,0.3045208639114275,104.58585858585859
1991,Winter,Suisun Bay,4.21,Critical,D,9.78521687462864,11.6063735363146,50.903831417624524
1991,Winter,Suisun Marsh,4.21,Critical,D,9.403703703703703,7.622361380105046,41.2962962962963
1991,Spring,Confluence,4.21,Critical,D,14.71086807739669,1.2008660569702134,36.56408048539326
1991,Spring,North,4.21,Critical,D,14.041666666666666,0.09860238861128988,69.6
1991,Spring,SouthCentral,4.21,Critical,D,15.404666666666667,0.24695438683669496,60.3015873015873
1991,Spring,Suisun Bay,4.21,Critical,D,14.269541467304625,7.739300845816777,33.483333333333334
1991,Spring,Suisun Marsh,4.21,Critical,D,14.897222222222222,3.7108063234207953,18.708333333333332
1991,Summer,Confluence,4.21,Critical,D,21.005728049756843,1.8051659694523419,42.43564300362706
1991,Summer,North,4.21,Critical,D,22.166666666666668,0.07644499216903279,95.83333333333333
1991,Summer,SouthCentral,4.21,Critical,D,23.428815628815627,0.2633780828559214,57.104166666666664
1991,Summer,Suisun Bay,4.21,Critical,D,19.940161904761904,10.250990258185093,31.910256410256412
1991,Summer,Suisun Marsh,4.21,Critical,D,20.294907407407408,7.928524800248452,29.85185185185185
1991,Fall,Confluence,4.21,Critical,D,18.855389563799736,2.2664165042094297,68.12847211541418
1991,Fall,North,4.21,Critical,D,19.444444444444443,0.08172195995423162,104.33333333333333
1991,Fall,SouthCentral,4.21,Critical,D,20.070901960784315,0.2552575970819485,88.01984126984127
1991,Fall,Suisun Bay,4.21,Critical,D,18.338985370201293,11.578763011703897,57.924457994579946
1991,Fall,Suisun Marsh,4.21,Critical,D,18.229629629629628,7.898949711803897,41.333333333333336
1992,Winter,Confluence,4.06,Critical,D,9.455290780141844,2.1638371410872255,88.13968253968254
1992,Winter,North,4.06,Critical,D,9.279761904761905,0.08442073196991788,108.08333333333333
1992,Winter,SouthCentral,4.06,Critical,D,9.954901960784314,0.24989847524960376,110.44285714285715
1992,Winter,Suisun Bay,4.06,Critical,D,9.7670174291939,8.976633279711,62.09039039039039
1992,Winter,Suisun Marsh,4.06,Critical,D,9.674074074074074,5.840603178532588,46.111111111111114
1992,Spring,Confluence,4.06,Critical,D,17.693133777334427,0.9919187352141766,42.89821061213881
1992,Spring,North,4.06,Critical,D,17.583333333333332,0.10114302022349377,71.26666666666667
1992,Spring,SouthCentral,4.06,Critical,D,18.661,0.22440643653475204,61.37301587301587
1992,Spring,Suisun Bay,4.06,Critical,D,17.206522586659887,6.703334200271545,37.457452574525746
1992,Spring,Suisun Marsh,4.06,Critical,D,17.274242424242424,2.8767167344482374,22.46127946127946
1992,Summer,Confluence,4.06,Critical,D,22.07261510981082,2.2832244462194113,50.11770290793379
1992,Summer,North,4.06,Critical,D,22.166666666666668,0.06890732884407699,121
1992,Summer,SouthCentral,4.06,Critical,D,24.278162931839404,0.2972473706565041,63.398809523809526
1992,Summer,Suisun Bay,4.06,Critical,D,20.943590982286633,11.243047923842196,37.59454365079365
1992,Summer,Suisun Marsh,4.06,Critical,D,21.060661375661375,8.046624228334904,30.984126984126984
1992,Fall,Confluence,4.06,Critical,D,19.550331266633957,2.349013041073713,71.90543449018026
1992,Fall,North,4.06,Critical,D,19.005555555555556,0.09490470089929376,91.85000000000001
1992,Fall,SouthCentral,4.06,Critical,D,19.525908496732026,0.2938001374603714,89.45409356725146
1992,Fall,Suisun Bay,4.06,Critical,D,19.11622625852849,11.514085753908866,64.47588075880759
1992,Fall,Suisun Marsh,4.06,Critical,D,20.061904761904763,8.912566771903638,44.661375661375665
1993,Winter,Confluence,8.54,Above Normal,N,9.590291871249319,1.3336777961736013,44.4113475177305
1993,Winter,North,8.54,Above Normal,N,9.323809523809524,0.08284038443941592,28.083333333333332
1993,Winter,SouthCentral,8.54,Above Normal,N,9.98235294117647,0.22012415703699678,49.24603174603175
1993,Winter,Suisun Bay,8.54,Above Normal,N,9.676470588235293,6.709554667236841,44.666666666666664
1993,Winter,Suisun Marsh,8.54,Above Normal,N,9.948148148148148,3.181240663277326,30.62962962962963
1993,Spring,Confluence,8.54,Above Normal,N,15.864450637415038,0.10782428024788078,44.59002128049479
1993,Spring,North,8.54,Above Normal,N,14.876666666666667,0.07285118763501346,58.916666666666664
1993,Spring,SouthCentral,8.54,Above Normal,N,16.82156862745098,0.19522361821161605,68.37777777777778
1993,Spring,Suisun Bay,8.54,Above Normal,N,15.131069418386492,0.6865094802666998,23.0015444015444
1993,Spring,Suisun Marsh,8.54,Above Normal,N,17.18888888888889,0.6979576796924482,22.732804232804234
1993,Summer,Confluence,8.54,Above Normal,N,20.89816305138494,0.16054271479628868,45.4846165739926
1993,Summer,North,8.54,Above Normal,N,19.583333333333332,0.12068285371171197,80
1993,Summer,SouthCentral,8.54,Above Normal,N,23.01870286576169,0.14330385006845725,58.94444444444444
1993,Summer,Suisun Bay,8.54,Above Normal,N,20.376241400875546,3.086202601337917,31.043631867161277
1993,Summer,Suisun Marsh,8.54,Above Normal,N,21.996296296296297,1.5878702073398774,20.430976430976433
1993,Fall,Confluence,8.54,Above Normal,N,18.246703990753005,1.011959815293116,62.760942818225146
1993,Fall,North,8.54,Above Normal,N,17.7,0.07367179766575377,112.66666666666667
1993,Fall,SouthCentral,8.54,Above Normal,N,18.594117647058823,0.16501822005198175,84.44444444444444
1993,Fall,Suisun Bay,8.54,Above Normal,N,18.29217599234816,8.608889619495017,59.37626262626263
1993,Fall,Suisun Marsh,8.54,Above Normal,N,17.296296296296298,3.957048510993119,35.407407407407405
1994,Winter,Confluence,5.02,Critical,N,9.804046396807236,0.9802702059574,66.8502160194967
1994,Winter,North,5.02,Critical,N,9.55,0.08061736835490084,95.25
1994,Winter,SouthCentral,5.02,Critical,N,9.441176470588236,0.21626722067810844,99.89365079365079
1994,Winter,Suisun Bay,5.02,Critical,N,9.927173601147777,8.696756239140125,46.68854238854239
1994,Winter,Suisun Marsh,5.02,Critical,N,10.016296296296296,3.1890248390998903,33.60740740740741
1994,Spring,Confluence,5.02,Critical,N,16.417677840111246,0.352403693326762,47.46624823572457
1994,Spring,North,5.02,Critical,N,16.008333333333333,0.09195033492331596,119.25
1994,Spring,SouthCentral,5.02,Critical,N,17.195882324330942,0.2387421335316061,74.4400584594548
1994,Spring,Suisun Bay,5.02,Critical,N,15.417073170731706,4.4603815344040845,33.45864045864046
1994,Spring,Suisun Marsh,5.02,Critical,N,16.7414623655914,1.721668497605401,21.877544887686877
1994,Summer,Confluence,5.02,Critical,N,21.488151724176358,1.4508338738380657,49.459858970730956
1994,Summer,North,5.02,Critical,N,22.606666666666666,0.06550211099806931,133
1994,Summer,SouthCentral,5.02,Critical,N,23.982253304094982,0.24651361604183408,71.45101011907212
1994,Summer,Suisun Bay,5.02,Critical,N,20.143294045264778,9.62066675891401,33.31870831870832
1994,Summer,Suisun Marsh,5.02,Critical,N,21.773809523809526,6.374416330466664,29.633656829735262
1994,Fall,Confluence,5.02,Critical,N,17.11803752610355,1.7314829531235125,65.21763116150403
1994,Fall,North,5.02,Critical,N,15.86111111111111,0.11782809791485072,120.1
1994,Fall,SouthCentral,5.02,Critical,N,17.09592156862745,0.2686038899845904,103.93968253968254
1994,Fall,Suisun Bay,5.02,Critical,N,16.265782599753187,11.0738818282026,51.260188087774296
1994,Fall,Suisun Marsh,5.02,Critical,N,16.703030303030303,6.043821754565037,29.612794612794612
1995,Winter,Confluence,12.89,Wet,W,10.223115684351269,0.9284383637954524,37.68922313638409
1995,Winter,North,12.89,Wet,W,9.3533333333333335,0.16530100726862865,35.69444444444444
1995,Winter,SouthCentral,12.89,Wet,W,10.466666666666667,0.35869466791616533,60.87692307692308
1995,Winter,Suisun Bay,12.89,Wet,W,10.121869918699186,6.63165897831621,35.6105476673428
1995,Winter,Suisun Marsh,12.89,Wet,W,10.307070707070707,2.068576381213502,22.367676767676766
1995,Spring,Confluence,12.89,Wet,W,14.458691790140112,0.24414528878349598,48.03478472385731
1995,Spring,North,12.89,Wet,W,12.283333333333333,0.044564028290059114,32.333333333333336
1995,Spring,SouthCentral,12.89,Wet,W,15.43442265795207,0.2599082403297148,58.83888888888889
1995,Spring,Suisun Bay,12.89,Wet,W,14.331562601626016,0.4265401634702861,37.476190476190474
1995,Spring,Suisun Marsh,12.89,Wet,W,15.624860932819855,0.3668455455487634,15.48951647411211
1995,Summer,Confluence,12.89,Wet,W,20.73420893791477,0.09032812977485645,52.507961432591095
1995,Summer,North,12.89,Wet,W,18.55,0.04828694127555865,74.66666666666667
1995,Summer,SouthCentral,12.89,Wet,W,21.646486354775828,0.10005150697932434,64.06837606837607
1995,Summer,Suisun Bay,12.89,Wet,W,20.531558524642602,1.199374100632378,35.234626971469076
1995,Summer,Suisun Marsh,12.89,Wet,W,20.857497807017545,0.5384795347835536,21.919188596491228
1995,Fall,Confluence,12.89,Wet,W,18.142375597432235,0.6397303895775388,67.06800354776182
1995,Fall,North,12.89,Wet,W,16.79,0.06187472795437436,107.27777777777777
1995,Fall,SouthCentral,12.89,Wet,W,18.274509803921568,0.1046651856555988,83.96507936507936
1995,Fall,Suisun Bay,12.89,Wet,W,18.17334625566333,4.884875882302431,39.71895239891845
1995,Fall,Suisun Marsh,12.89,Wet,W,17.48181818181818,2.050172169934448,25.87878787878788
1996,Winter,Confluence,10.26,Wet,W,11.69712217888536,0.22468824266911397,43.23962471033137
1996,Winter,North,10.26,Wet,W,11.618333333333334,0.07195118778581483,53.416666666666664
1996,Winter,SouthCentral,10.26,Wet,W,12.226960784313725,0.14495330318959837,67.38888888888889
1996,Winter,Suisun Bay,10.26,Wet,W,12.122130284130284,3.2417720991809036,37.59021879021879
1996,Winter,Suisun Marsh,10.26,Wet,W,11.875839475839475,1.2514848374823395,21.222516222516223
1996,Spring,Confluence,10.26,Wet,W,15.147353921476117,0.09181160786736008,49.98069479790161
1996,Spring,North,10.26,Wet,W,14.463333333333333,0.06008579939231596,60.916666666666664
1996,Spring,SouthCentral,10.26,Wet,W,15.909369925815376,0.11612783522951368,56.69352867817267
1996,Spring,Suisun Bay,10.26,Wet,W,15.233901282051281,0.7557096850500298,33.67508417508417
1996,Spring,Suisun Marsh,10.26,Wet,W,16.864670542635658,0.6947721505551475,18.210317460317462
1996,Summer,Confluence,10.26,Wet,W,21.755487702517385,0.23852149746242018,55.04280668221602
1996,Summer,North,10.26,Wet,W,20.866666666666667,0.05456259729858576,91.5
1996,Summer,SouthCentral,10.26,Wet,W,24.07068474151276,0.15447995548716284,70.99999996523063
1996,Summer,Suisun Bay,10.26,Wet,W,20.606578042328042,4.319178210471608,27.65972222222222
1996,Summer,Suisun Marsh,10.26,Wet,W,21.253331002331002,2.394888605091143,22.846247086247086
1996,Fall,Confluence,10.26,Wet,W,17.614567017745973,1.0353391405783063,70.5663215083036
1996,Fall,North,10.26,Wet,W,16.873333333333335,0.06616922794720619,125.33333333333333
1996,Fall,SouthCentral,10.26,Wet,W,17.652681232304968,0.15538210633701527,70.00228834914897
1996,Fall,Suisun Bay,10.26,Wet,W,17.581666666666667,8.064027761124862,45.55555555555556
1996,Fall,Suisun Marsh,10.26,Wet,W,16.643589743589743,5.75222572202628,36.666666666666664
1997,Winter,Confluence,10.82,Wet,W,10.480587868506388,0.10643375291295966,27.95334077811966
1997,Winter,North,10.82,Wet,W,10.45,0.03898186879275467,24.666666666666668
1997,Winter,SouthCentral,10.82,Wet,W,11.538333323796587,0.07747882055264202,38.866666703422865
1997,Winter,Suisun Bay,10.82,Wet,W,11.408202878992352,1.5435603489165055,25.12089947089947
1997,Winter,Suisun Marsh,10.82,Wet,W,11.826562716562716,0.8761591952101244,18.415384615384617
1997,Spring,Confluence,10.82,Wet,W,16.072040810586923,0.17967259020215673,36.25616256401092
1997,Spring,North,10.82,Wet,W,16.235555555555557,0.07616670344209124,73.25
1997,Spring,SouthCentral,10.82,Wet,W,17.168382674740496,0.1284623629562355,56.160559882209114
1997,Spring,Suisun Bay,10.82,Wet,W,15.588019047619047,2.8793121038091174,30.580376595082477
1997,Spring,Suisun Marsh,10.82,Wet,W,17.274502546024287,1.4947625807629026,15.839452495974236
1997,Summer,Confluence,10.82,Wet,W,21.50674749944942,0.5576553940893405,40.512310725034695
1997,Summer,North,10.82,Wet,W,21.252777777777776,0.06142151394335786,73.83333333333333
1997,Summer,SouthCentral,10.82,Wet,W,23.936155185758512,0.17283545844618675,64.33019715568926
1997,Summer,Suisun Bay,10.82,Wet,W,20.84755303030303,6.345501805028509,33.58077905491699
1997,Summer,Suisun Marsh,10.82,Wet,W,21.680452091767883,4.585333573218174,35.54323308270676
1997,Fall,Confluence,10.82,Wet,W,18.71476948250767,1.296346580797637,67.87640278601063
1997,Fall,North,10.82,Wet,W,17.211111111111112,0.07450329371296155,93
1997,Fall,SouthCentral,10.82,Wet,W,19.78364583333333,0.17469848811764976,86.86111111111111
1997,Fall,Suisun Bay,10.82,Wet,W,19.092779914529917,8.577022204432744,58.81640211640212
1997,Fall,Suisun Marsh,10.82,Wet,W,17.974358974358974,5.842121409543124,43.60606060606061
1998,Winter,Confluence,13.31,Wet,W,10.203478129737373,0.46518560707599804,29.80893091725588
1998,Winter,North,13.31,Wet,W,9.694444444444445,0.06335590222481446,49.333333333333336
1998,Winter,SouthCentral,13.31,Wet,W,10.805555555555555,0.15689141015096505,49.138888888888886
1998,Winter,Suisun Bay,13.31,Wet,W,10.720802005012532,4.119694241332461,35.61296296296296
1998,Winter,Suisun Marsh,13.31,Wet,W,10.691282051282052,1.5610884736923676,25.953846153846154
1998,Spring,Confluence,13.31,Wet,W,14.571918967782656,0.10067159031048036,42.582212349097674
1998,Spring,North,13.31,Wet,W,12.9,0.05658948251231458,36.666666666666664
1998,Spring,SouthCentral,13.31,Wet,W,14.782625274201104,0.10251840455271237,49.72773689114385
1998,Spring,Suisun Bay,13.31,Wet,W,13.950153381642512,0.22980248726934224,30.27756892230577
1998,Spring,Suisun Marsh,13.31,Wet,W,15.661481981981982,0.6529113039831052,20.71063063063063
1998,Summer,Confluence,13.31,Wet,W,21.056697296450256,0.08447868876088184,48.92172710370641
1998,Summer,North,13.31,Wet,W,19.477777777777778,0.05523372913010834,57.333333333333336
1998,Summer,SouthCentral,13.31,Wet,W,22.34572027972028,0.0873341416568073,45.800909090909094
1998,Summer,Suisun Bay,13.31,Wet,W,20.65837309550353,1.0399136444773962,27.416583416583418
1998,Summer,Suisun Marsh,13.31,Wet,W,20.743862191711163,0.5589231955400387,18.923157329717206
1998,Fall,Confluence,13.31,Wet,W,17.38206526199242,0.22556857115027265,50.783284780785046
1998,Fall,North,13.31,Wet,W,15.398888888888889,0.0671894890145117,96
1998,Fall,SouthCentral,13.31,Wet,W,17.182660990628328,0.11851446721414066,68.08333343267441
1998,Fall,Suisun Bay,13.31,Wet,W,17.82744873575143,3.8977843202579354,31.965741677390774
1998,Fall,Suisun Marsh,13.31,Wet,W,16.933333333333334,1.3097165504064738,21.111888111888113
1999,Winter,Confluence,9.8,Wet,W,8.787744037203652,0.2994337921726697,47.04772357936912
1999,Winter,North,9.8,Wet,W,8.563333333333333,0.055374432861609924,44.916666666666664
1999,Winter,SouthCentral,9.8,Wet,W,9.313876356107615,0.13115587977903656,58.295833213359884
1999,Winter,Suisun Bay,9.8,Wet,W,8.936369047619047,1.4390318712648102,36.90925925925926
1999,Winter,Suisun Marsh,9.8,Wet,W,8.554761904761905,1.1196083939315977,24.72222222222222
1999,Spring,Confluence,9.8,Wet,W,13.899111226048003,0.09841687187513544,44.413466812610274
1999,Spring,North,9.8,Wet,W,12.627777777777778,0.05714765253678192,51.916666666666664
1999,Spring,SouthCentral,9.8,Wet,W,14.821765848038686,0.12033753080206497,56.11101040778502
1999,Spring,Suisun Bay,9.8,Wet,W,13.787454212454213,1.0598707659279814,28.19074074074074
1999,Spring,Suisun Marsh,9.8,Wet,W,14.798511904761906,0.4620043182096276,19.787774725274723
1999,Summer,Confluence,9.8,Wet,W,20.357386143206845,0.22339180074678444,42.871746049990996
1999,Summer,North,9.8,Wet,W,20.13,0.05930377949858047,86
1999,Summer,SouthCentral,9.8,Wet,W,22.93709670231729,0.1309437303104451,50.32646930391622
1999,Summer,Suisun Bay,9.8,Wet,W,19.334111781464724,4.199813128431595,25.335503371309
1999,Summer,Suisun Marsh,9.8,Wet,W,20.080151515151517,1.9412454241811592,19.836441336441336
1999,Fall,Confluence,9.8,Wet,W,18.042443307917946,1.7529651724020066,54.129745662980525
1999,Fall,North,9.8,Wet,W,17.540666666666667,0.07409665982283847,112.83333333333333
1999,Fall,SouthCentral,9.8,Wet,W,18.999151776708246,0.18544968120812488,82.53691533382177
1999,Fall,Suisun Bay,9.8,Wet,W,17.933627946127945,9.237280673488028,40.87643678160919
1999,Fall,Suisun Marsh,9.8,Wet,W,17.74009324009324,4.947658641789203,31.007159507159507
2000,Winter,Confluence,8.94,Above Normal,W,10.34885617057568,0.6630757259268437,53.371284223409425
2000,Winter,North,8.94,Above Normal,W,10.197222222222223,0.06795175862116609,90.66666666666667
2000,Winter,SouthCentral,8.94,Above Normal,W,10.95814236736495,0.1917484045134388,64.71774888904321
2000,Winter,Suisun Bay,8.94,Above Normal,W,11.20106746031746,5.485927684585329,38.62128540305011
2000,Winter,Suisun Marsh,8.94,Above Normal,W,10.876260683760684,2.798100103793018,28.029914529914528
2000,Spring,Confluence,8.94,Above Normal,W,15.199331596476615,0.1073334176379985,40.66125290009397
2000,Spring,North,8.94,Above Normal,W,14.773333333333333,0.06543369139033679,84.58333333333333
2000,Spring,SouthCentral,8.94,Above Normal,W,16.757253763931306,0.12307645956653605,56.26722207181983
2000,Spring,Suisun Bay,8.94,Above Normal,W,15.121954106280192,1.3689465972773003,25.04901960784314
2000,Spring,Suisun Marsh,8.94,Above Normal,W,16.40606884057971,0.6809045240346228,17.43158567774936
2000,Summer,Confluence,8.94,Above Normal,W,21.05099523954169,0.4074139370204863,43.37131673393848
2000,Summer,North,8.94,Above Normal,W,21.011111111111113,0.06417493149408884,94
2000,Summer,SouthCentral,8.94,Above Normal,W,23.617439682539683,0.19590949717547013,68.80460959851148
2000,Summer,Suisun Bay,8.94,Above Normal,W,20.20895670995671,6.209907717484083,24.12087912087912
2000,Summer,Suisun Marsh,8.94,Above Normal,W,20.745883940620782,3.098834648212977,25.555465587044534
2000,Fall,Confluence,8.94,Above Normal,W,17.365432373677727,1.4326444529159439,53.76909852610734
2000,Fall,North,8.94,Above Normal,W,15.632222222222222,0.07327358602562886,117.33333333333333
2000,Fall,SouthCentral,8.94,Above Normal,W,17.227975402854106,0.2036869692839966,92.39814814814815
2000,Fall,Suisun Bay,8.94,Above Normal,W,17.805083333333332,9.40949590040615,47.2962962962963
2000,Fall,Suisun Marsh,8.94,Above Normal,W,17.003418803418803,6.419950902167182,37.51631701631702
2001,Winter,Confluence,5.76,Dry,D,9.569847188458963,1.7533547289034188,54.685702068812155
2001,Winter,North,5.76,Dry,D,9.583333333333334,0.07786561822676719,62
2001,Winter,SouthCentral,5.76,Dry,D,9.753589164555422,0.21225171698569903,89.17483660598207
2001,Winter,Suisun Bay,5.76,Dry,D,9.92539710389979,10.596693645780812,45.14845682670489
2001,Winter,Suisun Marsh,5.76,Dry,D,9.646153846153846,3.5399004136476853,36.94871794871795
2001,Spring,Confluence,5.76,Dry,D,16.1626375400112,0.3704305987480388,32.891582357392664
2001,Spring,North,5.76,Dry,D,16.85,0.09029781908305073,73
2001,Spring,SouthCentral,5.76,Dry,D,17.705640479876163,0.2014317350593438,51.19339100808069
2001,Spring,Suisun Bay,5.76,Dry,D,15.777179487179488,4.8558181491092824,28.48249576510446
2001,Spring,Suisun Marsh,5.76,Dry,D,15.935416666666667,1.1157846340076605,23.0625
2001,Summer,Confluence,5.76,Dry,D,20.93043967468366,1.1707340358919702,41.75168767100028
2001,Summer,North,5.76,Dry,D,22.194444444444443,0.07662633500987066,88
2001,Summer,SouthCentral,5.76,Dry,D,23.793614006251158,0.2756692484562721,44.934349565096625
2001,Summer,Suisun Bay,5.76,Dry,D,20.293507936507936,9.166857279608434,38.71382868937049
2001,Summer,Suisun Marsh,5.76,Dry,D,21.236153846153847,5.888359771409376,36.86923076923077
2001,Fall,Confluence,5.76,Dry,D,18.217213482189358,2.1638286302829925,57.458927384332924
2001,Fall,North,5.76,Dry,D,18.34166666666667,0.0957167358994117,88.25
2001,Fall,SouthCentral,5.76,Dry,D,19.212483549710573,0.3551993076535273,69.66584324239899
2001,Fall,Suisun Bay,5.76,Dry,D,18.29725,12.21912632048218,44.675925925925924
2001,Fall,Suisun Marsh,5.76,Dry,D,18.370299145299146,8.366854364705043,38.19017094017094
2002,Winter,Confluence,6.35,Dry,D,9.567608762123227,0.37543144024831043,36.041351520319076
2002,Winter,North,6.35,Dry,D,10.616666666666667,0.08197659489656035,33.583333333333336
2002,Winter,SouthCentral,6.35,Dry,D,10.29662038538191,0.210631497316216,60.520756853252685
2002,Winter,Suisun Bay,6.35,Dry,D,10.603760683760683,3.9010013936525767,31.41435185185185
2002,Winter,Suisun Marsh,6.35,Dry,D,10.2,1.4924788026154197,25.307692307692307
2002,Spring,Confluence,6.35,Dry,D,15.513448300185361,0.2705654864365342,37.767118380592166
2002,Spring,North,6.35,Dry,D,14.782222222222222,0.07446998434627326,106.66666666666667
2002,Spring,SouthCentral,6.35,Dry,D,16.531871619205344,0.21611545420088243,57.008351375060684
2002,Spring,Suisun Bay,6.35,Dry,D,15.033042735042734,3.87929345292872,29.5990675990676
2002,Spring,Suisun Marsh,6.35,Dry,D,15.749779411764706,2.1285990212833674,24.9
2002,Summer,Confluence,6.35,Dry,D,21.556559784822362,1.1024988387039834,40.6020126914808
2002,Summer,North,6.35,Dry,D,22.1,0.06976139495228355,102.66666666666667
2002,Summer,SouthCentral,6.35,Dry,D,23.6071296457765,0.281511234269821,54.87955191915109
2002,Summer,Suisun Bay,6.35,Dry,D,20.334589080459768,8.113177668960818,32.53704022988506
2002,Summer,Suisun Marsh,6.35,Dry,D,21.244378306878307,5.362208696866889,34.87367724867725
2002,Fall,Confluence,6.35,Dry,D,17.924339714464264,1.7356080526585855,62.32150565331417
2002,Fall,North,6.35,Dry,D,17.324444444444445,0.08342940231569887,128.16666666666666
2002,Fall,SouthCentral,6.35,Dry,D,18.41306100217865,0.35277857472646607,82.76289682539682
2002,Fall,Suisun Bay,6.35,Dry,D,18.095333333333333,10.834637662109358,48.27777777777778
2002,Fall,Suisun Marsh,6.35,Dry,D,18.38102564102564,6.805897762069606,36.92307692307693
2003,Winter,Confluence,8.21,Above Normal,N,10.698028716727789,0.8901953797221267,42.55136295339663
2003,Winter,North,8.21,Above Normal,N,10.507777777777777,0.07392146822311199,98.875
2003,Winter,SouthCentral,8.21,Above Normal,N,11.52333333465788,0.267839361492876,68.02901235237533
2003,Winter,Suisun Bay,8.21,Above Normal,N,11.164250000000001,5.081683000296928,35.0462962962963
2003,Winter,Suisun Marsh,8.21,Above Normal,N,11.38923076923077,2.3907800690077905,26.61823361823362
2003,Spring,Confluence,8.21,Above Normal,N,15.247104450189497,0.16389194192616702,44.492910946254575
2003,Spring,North,8.21,Above Normal,N,15.583333333333334,0.06630602848994077,92
2003,Spring,SouthCentral,8.21,Above Normal,N,16.653704346943012,0.248970552739534,62.56714354108359
2003,Spring,Suisun Bay,8.21,Above Normal,N,15.55170524691358,1.7423199332130763,29.086438923395445
2003,Spring,Suisun Marsh,8.21,Above Normal,N,15.965057697720237,0.9618164001447733,22.945845004668534
2003,Summer,Confluence,8.21,Above Normal,N,21.36275371945078,0.26515180799368243,47.513884017655336
2003,Summer,North,8.21,Above Normal,N,21.2,0.05744973710895713,89.66666666666667
2003,Summer,SouthCentral,8.21,Above Normal,N,23.67001916242928,0.20044782826092852,56.62263372523735
2003,Summer,Suisun Bay,8.21,Above Normal,N,20.909760912698413,4.110148476597029,33.273529411764706
2003,Summer,Suisun Marsh,8.21,Above Normal,N,22.045883173843702,2.2091573000093425,25.672476646160856
2003,Fall,Confluence,8.21,Above Normal,N,18.336098024178053,1.4419623425560486,68.41420853793322
2003,Fall,North,8.21,Above Normal,N,16.925396825396824,0.07512813535009898,113.93333333333334
2003,Fall,SouthCentral,8.21,Above Normal,N,18.349663285592776,0.28060973011353746,78.32196967089266
2003,Fall,Suisun Bay,8.21,Above Normal,N,17.99194658119658,9.673267244997692,44.75185185185185
2003,Fall,Suisun Marsh,8.21,Above Normal,N,18.476666666666667,6.174911229218075,39.94871794871795
2004,Winter,Confluence,7.51,Below Normal,N,10.289522647238407,0.6103097268201009,45.3486180161884
2004,Winter,North,7.51,Below Normal,N,10.194444444444445,0.07061033510298195,40.4
2004,Winter,SouthCentral,7.51,Below Normal,N,10.875445143857233,0.24670333316592588,66.74464272163691
2004,Winter,Suisun Bay,7.51,Below Normal,N,10.657826617826618,5.597987207307646,39.03812636165577
2004,Winter,Suisun Marsh,7.51,Below Normal,N,10.932532051282053,2.6855157608475477,35.55654761904762
2004,Spring,Confluence,7.51,Below Normal,N,16.66274813279252,0.22040458241768343,41.80895611783052
2004,Spring,North,7.51,Below Normal,N,16.625,0.0693618746655656,74.66666666666667
2004,Spring,SouthCentral,7.51,Below Normal,N,17.979925595067797,0.18376255191940935,56.705713355178425
2004,Spring,Suisun Bay,7.51,Below Normal,N,16.069934210526316,2.300201263596032,26.365001556178026
2004,Spring,Suisun Marsh,7.51,Below Normal,N,17.621742424242424,1.1156596897468867,20.97537878787879
2004,Summer,Confluence,7.51,Below Normal,N,21.196254332700118,0.9008767788298905,49.47924679269476
2004,Summer,North,7.51,Below Normal,N,21.31111111111111,0.07167704580225884,102.66666666666667
2004,Summer,SouthCentral,7.51,Below Normal,N,23.859612326437052,0.2627051339881251,57.69760354571747
2004,Summer,Suisun Bay,7.51,Below Normal,N,20.270380082880084,7.79500815249572,33.21574582027168
2004,Summer,Suisun Marsh,7.51,Below Normal,N,21.462759170653907,5.046413628301727,37.94597288676236
2004,Fall,Confluence,7.51,Below Normal,N,17.692064247928812,1.2787075383741129,76.51820884762509
2004,Fall,North,7.51,Below Normal,N,16.523333333333333,0.07835491783902307,142.5
2004,Fall,SouthCentral,7.51,Below Normal,N,17.59196636628047,0.31591446570683596,78.0644781073938
2004,Fall,Suisun Bay,7.51,Below Normal,N,18.25338492063492,10.372771677492029,53.904232804232805
2004,Fall,Suisun Marsh,7.51,Below Normal,N,18.16739926739927,6.681383485443897,45.02564102564102
2005,Winter,Confluence,8.49,Above Normal,W,10.323740695445919,0.8013017081434685,48.78801478983898
2005,Winter,North,8.49,Above Normal,W,10.9,0.09367151907330924,46.25
2005,Winter,SouthCentral,8.49,Above Normal,W,10.852454543893991,0.20042904269763012,61.41154392334548
2005,Winter,Suisun Bay,8.49,Above Normal,W,10.511791666666667,5.972614839960794,50.05324074074074
2005,Winter,Suisun Marsh,8.49,Above Normal,W,10.382905982905983,2.5484679315562273,33.11868686868687
2005,Spring,Confluence,8.49,Above Normal,W,15.99964082436674,0.14359533802598415,55.75949311485386
2005,Spring,North,8.49,Above Normal,W,15.605555555555556,0.07827091522185332,66.66666666666667
2005,Spring,SouthCentral,8.49,Above Normal,W,15.803248878847791,0.13442732304310231,66.66690492829767
2005,Spring,Suisun Bay,8.49,Above Normal,W,16.17563596491228,1.096142842357979,36.746274509803925
2005,Spring,Suisun Marsh,8.49,Above Normal,W,16.755407407407407,0.6389553049750568,26.425730994152048
2005,Summer,Confluence,8.49,Above Normal,W,21.159703118542748,0.3407978895898816,53.871785223181526
2005,Summer,North,8.49,Above Normal,W,21.02777777777778,0.0674073321417977,76
2005,Summer,SouthCentral,8.49,Above Normal,W,22.33224273441933,0.1541770105343362,61.599603024077794
2005,Summer,Suisun Bay,8.49,Above Normal,W,20.39520202020202,3.8340347255320517,37.82692516563484
2005,Summer,Suisun Marsh,8.49,Above Normal,W,21.820989304812834,1.8077279201008958,27.857363104731526
2005,Fall,Confluence,8.49,Above Normal,W,17.703147563369235,1.101080901189214,79.01285077839287
2005,Fall,North,8.49,Above Normal,W,16.58888888888889,0.07339188805326655,114.41666666666667
2005,Fall,SouthCentral,8.49,Above Normal,W,17.841393350260073,0.2610753342602422,74.70837353924814
2005,Fall,Suisun Bay,8.49,Above Normal,W,17.63502192982456,8.819749985019568,55.34259259259259
2005,Fall,Suisun Marsh,8.49,Above Normal,W,18.17142857142857,5.8664208917787635,41.261904761904766
2006,Winter,Confluence,13.2,Wet,W,10.556784963805494,0.3590061424388546,48.26427018523171
2006,Winter,North,13.2,Wet,W,10.113888888888889,0.06621003059962786,58.666666666666664
2006,Winter,SouthCentral,13.2,Wet,W,10.373183747234506,0.1863505176780898,68.94444415244189
2006,Winter,Suisun Bay,13.2,Wet,W,10.752198830409357,3.4526481148850796,39.34953703703704
2006,Winter,Suisun Marsh,13.2,Wet,W,11.008493589743589,2.301074481315094,29.286324786324787
2006,Spring,Confluence,13.2,Wet,W,14.249524163549058,0.08162761926379286,51.309779759876385
2006,Spring,North,13.2,Wet,W,12.694444444444443,0.05212775711891964,44.333333333333336
2006,Spring,SouthCentral,13.2,Wet,W,14.891593566192096,0.08378312946291437,64.26907808001387
2006,Spring,Suisun Bay,13.2,Wet,W,14.397464985994398,0.12881205579858895,35.10198412698413
2006,Spring,Suisun Marsh,13.2,Wet,W,14.715131578947368,0.34972807368580205,22.705043859649123
2006,Summer,Confluence,13.2,Wet,W,21.677292876812917,0.2702092909940511,56.81027543278084
2006,Summer,North,13.2,Wet,W,20.77777777777778,0.06237337553023427,81
2006,Summer,SouthCentral,13.2,Wet,W,23.576044311216293,0.11736114074170893,59.50482919945617
2006,Summer,Suisun Bay,13.2,Wet,W,21.20342857142857,3.0801302987558796,37.95229468599034
2006,Summer,Suisun Marsh,13.2,Wet,W,22.3974649122807,1.6589711783937682,24.04861111111111
2006,Fall,Confluence,13.2,Wet,W,17.418004141325998,0.9930337473331712,78.9909426097957
2006,Fall,North,13.2,Wet,W,16.595555555555556,0.07482996707758016,112.27777777777777
2006,Fall,SouthCentral,13.2,Wet,W,17.557692318370197,0.17359165670004326,79.39929522754451
2006,Fall,Suisun Bay,13.2,Wet,W,17.294833333333333,8.482391544146255,52.879629629629626
2006,Fall,Suisun Marsh,13.2,Wet,W,17.338461538461537,5.719583206212817,38.94871794871795
2007,Winter,Confluence,6.19,Dry,D,9.327429226742812,1.0809624001088693,67.67443243910593
2007,Winter,North,6.19,Dry,D,9.816666666666666,0.08250529338942965,71.41666666666667
2007,Winter,SouthCentral,6.19,Dry,D,9.550690720478693,0.23388511931232306,88.35710374616352
2007,Winter,Suisun Bay,6.19,Dry,D,9.88954365079365,8.203695376939327,58.31644880174292
2007,Winter,Suisun Marsh,6.19,Dry,D,9.492559523809524,4.502881993109411,38.01304945054945
2007,Spring,Confluence,6.19,Dry,D,15.827256073110519,0.33423090073920714,58.494210082214906
2007,Spring,North,6.19,Dry,D,16.052777777777777,0.06927184385513992,101
2007,Spring,SouthCentral,6.19,Dry,D,17.221987641265468,0.1640016788872408,74.92672610143123
2007,Spring,Suisun Bay,6.19,Dry,D,15.534435425685425,3.2872557944788485,31.86651614668856
2007,Spring,Suisun Marsh,6.19,Dry,D,16.98306595365419,2.262293011781975,23.647058823529413
2007,Summer,Confluence,6.19,Dry,D,21.612905444615123,0.6856875016551013,69.15105820105819
2007,Summer,North,6.19,Dry,D,21.519444444444446,0.07031572629518885,103.33333333333333
2007,Summer,SouthCentral,6.19,Dry,D,24.06241466124628,0.21562139495223243,63.26347670054169
2007,Summer,Suisun Bay,6.19,Dry,D,20.557982954545455,7.4635383833752496,44.18417366946779
2007,Summer,Suisun Marsh,6.19,Dry,D,21.506704545454546,5.031511111081336,39.31765873015873
2007,Fall,Confluence,6.19,Dry,D,17.734294321895423,1.31638428750477,91.0615045826433
2007,Fall,North,6.19,Dry,D,16.77111111111111,0.0797828561796761,162.33333333333334
2007,Fall,SouthCentral,6.19,Dry,D,18.22145544217687,0.2569612206922342,92.24331702919206
2007,Fall,Suisun Bay,6.19,Dry,D,17.953416666666666,11.26563768511263,48.833333333333336
2007,Fall,Suisun Marsh,6.19,Dry,D,16.69697320223636,7.7142993920140475,39.27549643339117
2008,Winter,Confluence,5.16,Critical,D,8.929246282779129,0.7605019840866346,40.48117480409144
2008,Winter,North,5.16,Critical,D,9.027777777777779,0.09016819478306624,47
2008,Winter,SouthCentral,5.16,Critical,D,9.579657562474242,0.21634094633412437,60.816305843516
2008,Winter,Suisun Bay,5.16,Critical,D,9.776452614379085,5.601573255823426,37.98862004677261
2008,Winter,Suisun Marsh,5.16,Critical,D,9.591758241758242,3.1346216461426306,29.157203907203908
2008,Spring,Confluence,5.16,Critical,D,15.40625872288166,0.4032507707235721,45.00530518352769
2008,Spring,North,5.16,Critical,D,16.094444444444445,0.07849619148664763,116
2008,Spring,SouthCentral,5.16,Critical,D,16.511111718960308,0.22141496890070306,67.27532225547182
2008,Spring,Suisun Bay,5.16,Critical,D,15.12669968919969,5.192692424032007,37.35404042688885
2008,Spring,Suisun Marsh,5.16,Critical,D,16.08840240641711,2.7899433932043314,22.81595365418895
2008,Summer,Confluence,5.16,Critical,D,21.236905712881022,1.159363060571894,60.11465388414967
2008,Summer,North,5.16,Critical,D,22.922222222222224,0.07111648052640025,84
2008,Summer,SouthCentral,5.16,Critical,D,23.997613914991963,0.2606164681108772,60.4945054685114
2008,Summer,Suisun Bay,5.16,Critical,D,20.160134683555736,9.697794294170716,46.372549019607845
2008,Summer,Suisun Marsh,5.16,Critical,D,21.334265734265735,6.661166250234858,40.02343270764324
2008,Fall,Confluence,5.16,Critical,D,17.921203306071593,1.810358493600676,90.60091932591713
2008,Fall,North,5.16,Critical,D,17.941666666666666,0.10301108208771646,145.16666666666666
2008,Fall,SouthCentral,5.16,Critical,D,18.747974120130316,0.3003030349224036,108.27602102414107
2008,Fall,Suisun Bay,5.16,Critical,D,17.97533333333333,11.341668919598552,66.37962962962963
2008,Fall,Suisun Marsh,5.16,Critical,D,17.59285714285714,8.336730541997527,46.357142857142854
2009,Winter,Confluence,5.78,Dry,D,9.970417243291246,2.1494264041088105,73.44165497797236
2009,Winter,North,5.78,Dry,D,9.608333333333333,0.0953255683988965,104.33333333333333
2009,Winter,SouthCentral,5.78,Dry,D,10.039800636267232,0.365343483904745,106.36363630222549
2009,Winter,Suisun Bay,5.78,Dry,D,10.421538461538463,10.860210796067067,61.280092592592595
2009,Winter,Suisun Marsh,5.78,Dry,D,9.652564102564103,6.834224742757029,39.05860805860806
2009,Spring,Confluence,5.78,Dry,D,15.70396053791887,0.2187776920916102,53.829411834255765
2009,Spring,North,5.78,Dry,D,15.983333333333334,0.061498869829093805,96.66666666666667
2009,Spring,SouthCentral,5.78,Dry,D,17.078539633303276,0.21599849173141086,80.46847033195337
2009,Spring,Suisun Bay,5.78,Dry,D,15.271578282828283,3.31000513113847,32.358374384236456
2009,Spring,Suisun Marsh,5.78,Dry,D,16.83796992481203,1.9254647873983306,26.60863697705803
2009,Summer,Confluence,5.78,Dry,D,20.978827449370552,0.7528582400654004,68.42013649709732
2009,Summer,North,5.78,Dry,D,21.36111111111111,0.0636222491349332,88
2009,Summer,SouthCentral,5.78,Dry,D,23.859720483923038,0.21709786333542436,85.360692953242
2009,Summer,Suisun Bay,5.78,Dry,D,19.86416972664219,7.55431985644639,42.21819685690654
2009,Summer,Suisun Marsh,5.78,Dry,D,20.81931561085973,5.211982052535116,39.87820512820513
2009,Fall,Confluence,5.78,Dry,D,17.960016853463657,1.2231524121820898,91.79825465329134
2009,Fall,North,5.78,Dry,D,17.87,0.08199146624324236,195.33333333333334
2009,Fall,SouthCentral,5.78,Dry,D,18.475984492080876,0.24036558806812114,120.2549113045568
2009,Fall,Suisun Bay,5.78,Dry,D,17.539416666666668,10.965939136838735,67.74074074074073
2009,Fall,Suisun Marsh,5.78,Dry,D,17.21794871794872,7.8472670078456614,46.128205128205124
2010,Winter,Confluence,7.08,Below Normal,D,9.997857546485033,1.523940208312858,57.484806727053694
2010,Winter,North,7.08,Below Normal,D,10.305555555555555,0.09111779978719507,71.41666666666667
2010,Winter,SouthCentral,7.08,Below Normal,D,10.28373075322926,0.30148084193908226,97.74175829267924
2010,Winter,Suisun Bay,7.08,Below Normal,D,10.4305,8.447712854724031,44.53894335511983
2010,Winter,Suisun Marsh,7.08,Below Normal,D,10.481936813186813,5.262527037240685,37.55265567765568
2010,Spring,Confluence,7.08,Below Normal,D,14.451649620070366,0.16129507924418363,58.71299538917167
2010,Spring,North,7.08,Below Normal,D,13.572222222222221,0.07519085456785925,64
2010,Spring,SouthCentral,7.08,Below Normal,D,15.652712865968304,0.19969183245754424,82.53897655759914
2010,Spring,Suisun Bay,7.08,Below Normal,D,14.87162091503268,2.1026388392781503,31.196682098765432
2010,Spring,Suisun Marsh,7.08,Below Normal,D,15.294649122807018,1.2805417028912414,23.801754385964912
2010,Summer,Confluence,7.08,Below Normal,D,20.178401118048004,0.4381596771435596,69.60879723554334
2010,Summer,North,7.08,Below Normal,D,20.37777777777778,0.058346028573672264,83.33333333333333
2010,Summer,SouthCentral,7.08,Below Normal,D,22.974828264071203,0.16261519576407074,89.37204427663055
2010,Summer,Suisun Bay,7.08,Below Normal,D,19.656906108597283,4.935743205500154,37.671861471861476
2010,Summer,Suisun Marsh,7.08,Below Normal,D,20.455592105263158,2.6973913540487566,28.823464912280702
2010,Fall,Confluence,7.08,Below Normal,D,18.373476177609156,1.2176561288930046,108.04691035411999
2010,Fall,North,7.08,Below Normal,D,17.29,0.07119059956393733,165.08333333333334
2010,Fall,SouthCentral,7.08,Below Normal,D,18.898548774090962,0.24094418032423878,137.30402579338272
2010,Fall,Suisun Bay,7.08,Below Normal,D,18.187657407407407,9.494377863543377,67.04629629629629
2010,Fall,Suisun Marsh,7.08,Below Normal,D,18.132211538461537,6.935316480309316,47.708333333333336
2011,Winter,Confluence,10.54,Wet,N,9.770613675257877,0.34881401372590237,69.619260096283
2011,Winter,North,10.54,Wet,N,9.734920634920634,0.07005335776124656,55.5
2011,Winter,SouthCentral,10.54,Wet,N,10.160437977474846,0.14454224370855095,80.64424261931217
2011,Winter,Suisun Bay,10.54,Wet,N,9.86472072072072,4.52255428548876,51.673611111111114
2011,Winter,Suisun Marsh,10.54,Wet,N,9.755494505494505,2.332690700362145,34.96336996336996
2011,Spring,Confluence,10.54,Wet,N,14.028782844002466,0.08730034543478728,73.084309755054
2011,Spring,North,10.54,Wet,N,13.352777777777778,0.051692452877319384,62
2011,Spring,SouthCentral,10.54,Wet,N,15.010795218431467,0.09452624648583295,77.49122926208973
2011,Spring,Suisun Bay,10.54,Wet,N,14.239430025130805,0.2708356013914842,44.14619252873563
2011,Spring,Suisun Marsh,10.54,Wet,N,15.043070175438597,0.4813381225303548,28.674561403508772
2011,Summer,Confluence,10.54,Wet,N,20.538061671546192,0.1292214896551849,81.37425508827822
2011,Summer,North,10.54,Wet,N,18.961111111111112,0.05682748186633939,80
2011,Summer,SouthCentral,10.54,Wet,N,21.223918063130853,0.1021073551536842,75.46359059708095
2011,Summer,Suisun Bay,10.54,Wet,N,20.002600972012736,1.9225130718198,43.40935016362786
2011,Summer,Suisun Marsh,10.54,Wet,N,20.52537878787879,0.921501265767503,23.800239234449762
2011,Fall,Confluence,10.54,Wet,N,17.66525576978696,0.3938936496421509,100.70136851697231
2011,Fall,North,10.54,Wet,N,16.426666666666666,0.06267156180626553,149.16666666666666
2011,Fall,SouthCentral,10.54,Wet,N,17.070319027199517,0.14453509816342852,112.68840581696966
2011,Fall,Suisun Bay,10.54,Wet,N,17.82437804878049,5.420426778421631,49.11661661661661
2011,Fall,Suisun Marsh,10.54,Wet,N,17.255958485958487,3.55598415671234,35.2034188034188
2012,Winter,Confluence,6.89,Below Normal,D,9.720517674037755,1.2836833672709442,73.79041347429889
2012,Winter,North,6.89,Below Normal,D,9.725,0.08462326091209926,83.08333333333333
2012,Winter,SouthCentral,6.89,Below Normal,D,9.843863917914598,0.29172649577645565,122.14827171217237
2012,Winter,Suisun Bay,6.89,Below Normal,D,10.18623311546841,9.805195082123074,59.21759259259259
2012,Winter,Suisun Marsh,6.89,Below Normal,D,9.946153846153846,3.785424126221571,35.02564102564103
2012,Spring,Confluence,6.89,Below Normal,D,15.324655630286099,0.28350868857375977,57.02198295793028
2012,Spring,North,6.89,Below Normal,D,15.415555555555555,0.06555600415858033,88
2012,Spring,SouthCentral,6.89,Below Normal,D,16.891612020118817,0.22716764907406214,80.14338264234385
2012,Spring,Suisun Bay,6.89,Below Normal,D,14.99397435897436,3.3003210237579235,30.053535353535352
2012,Spring,Suisun Marsh,6.89,Below Normal,D,16.263673890608874,1.6875857701279768,23.562435500515996
2012,Summer,Confluence,6.89,Below Normal,D,21.220406329515416,0.6292728859192804,76.49334977182211
2012,Summer,North,6.89,Below Normal,D,20.906111111111112,0.06281619625089266,98.66666666666667
2012,Summer,SouthCentral,6.89,Below Normal,D,23.86075194893958,0.22488552927959823,96.66658310130667
2012,Summer,Suisun Bay,6.89,Below Normal,D,20.314253724878725,7.2644623881548425,37.604166666666664
2012,Summer,Suisun Marsh,6.89,Below Normal,D,21.280622009569377,4.657182586424908,42.31469298245614
2012,Fall,Confluence,6.89,Below Normal,D,18.425240736078333,1.3380330484405158,102.53742677460316
2012,Fall,North,6.89,Below Normal,D,16.7156746031746,0.07786059286139418,190.66666666666666
2012,Fall,SouthCentral,6.89,Below Normal,D,19.350479634078557,0.26235462319636443,152.82684492471324
2012,Fall,Suisun Bay,6.89,Below Normal,D,18.19052927927928,10.853117503356188,64.43518518518519
2012,Fall,Suisun Marsh,6.89,Below Normal,D,17.23958485958486,6.706514404905017,53.14004884004884
2013,Winter,Confluence,5.83,Dry,D,9.992868390039295,0.25880918576200307,48.97179872384188
2013,Winter,North,5.83,Dry,D,10.28888888888889,0.07324857715472904,66.66666666666667
2013,Winter,SouthCentral,5.83,Dry,D,9.987536875428582,0.2609093062366232,83.8063767514367
2013,Winter,Suisun Bay,5.83,Dry,D,10.838941176470588,4.532917751208039,48.04385964912281
2013,Winter,Suisun Marsh,5.83,Dry,D,9.395555555555557,1.72625371413127,25.08888888888889
2013,Spring,Confluence,5.83,Dry,D,16.5680846845658,0.5983825605850873,56.465571508717176
2013,Spring,North,5.83,Dry,D,17.09466666666667,0.06777721879797258,120
2013,Spring,SouthCentral,5.83,Dry,D,17.529854317822906,0.21190494639733412,100.44291411531898
2013,Spring,Suisun Bay,5.83,Dry,D,16.39620349084717,7.277193059982885,40.010429970200086
2013,Spring,Suisun Marsh,5.83,Dry,D,17.046031746031748,2.861948090349025,24.253968253968253
2013,Summer,Confluence,5.83,Dry,D,21.316046088337725,0.8778907658971458,66.45320273425301
2013,Summer,North,5.83,Dry,D,21.51388888888889,0.06779027529747796,109.33333333333333
2013,Summer,SouthCentral,5.83,Dry,D,24.300588055407115,0.25088987495771614,109.34131406117929
2013,Summer,Suisun Bay,5.83,Dry,D,20.44079493991145,8.302325748414841,35.03953399541635
2013,Summer,Suisun Marsh,5.83,Dry,D,21.29297619047619,5.606204474614856,37.74166666666667
2013,Fall,Confluence,5.83,Dry,D,17.90265017210582,1.5700621383380209,80.73257862944062
2013,Fall,North,5.83,Dry,D,17.27166666666667,0.0796571110045504,184.36111111111111
2013,Fall,SouthCentral,5.83,Dry,D,18.32120500531244,0.28493992669808627,133.9726867886646
2013,Fall,Suisun Bay,5.83,Dry,D,18.137935897435895,10.409849693831516,57.24074074074074
2013,Fall,Suisun Marsh,5.83,Dry,D,18.006666666666668,8.243316855056129,45.62222222222222
2014,Winter,Confluence,4.07,Critical,D,10.22075588053565,2.4478646131175696,72.72916088665268
2014,Winter,North,4.07,Critical,D,10.986944444444445,0.0953856757748823,158.66666666666666
2014,Winter,SouthCentral,4.07,Critical,D,10.20580862000321,0.3980753869167689,139.84414908080348
2014,Winter,Suisun Bay,4.07,Critical,D,10.700269905533064,12.435575642641709,52.3125
2014,Winter,Suisun Marsh,4.07,Critical,D,10.394007936507936,6.821024529337544,40.40972222222222
2014,Spring,Confluence,4.07,Critical,D,16.957949286200883,0.8821066819251564,53.33393259380243
2014,Spring,North,4.07,Critical,D,17.168888888888887,0.08401284019451137,85
2014,Spring,SouthCentral,4.07,Critical,D,17.955138682216806,0.2577962265187072,107.16718426258339
2014,Spring,Suisun Bay,4.07,Critical,D,16.863004906204907,7.589451745487485,40.82070707070707
2014,Spring,Suisun Marsh,4.07,Critical,D,17.3465341675868,2.7529306686961377,27.874677953625323
2014,Summer,Confluence,4.07,Critical,D,22.020236819621655,1.9132519913179666,74.18983495406243
2014,Summer,North,4.07,Critical,D,22.98777777777778,0.06712495387487874,106.66666666666667
2014,Summer,SouthCentral,4.07,Critical,D,24.86778319745199,0.35431785298534735,126.55884075061148
2014,Summer,Suisun Bay,4.07,Critical,D,20.827066382171644,12.20293503618607,41.421931735657225
2014,Summer,Suisun Marsh,4.07,Critical,D,21.64933333333333,9.050993332818406,41.71619047619048
2014,Fall,Confluence,4.07,Critical,D,19.63692534041872,1.9982969844889766,103.29460206490792
2014,Fall,North,4.07,Critical,D,19.378,0.08735399687219353,208.25
2014,Fall,SouthCentral,4.07,Critical,D,20.047604978488977,0.38424422255084795,157.74025766381126
2014,Fall,Suisun Bay,4.07,Critical,D,19.49982905982906,12.72481152454282,62.94444444444444
2014,Fall,Suisun Marsh,4.07,Critical,D,19.144607843137255,9.003526720888932,46.60171568627451
2015,Winter,Confluence,4,Critical,D,11.960617510729668,0.9732577477926996,45.12228776903833
2015,Winter,North,4,Critical,D,12.346825396825396,0.09373855087566732,54.5
2015,Winter,SouthCentral,4,Critical,D,12.164645561544923,0.3461770180597175,104.64113189193587
2015,Winter,Suisun Bay,4,Critical,D,12.531159270725835,7.996825927856713,50.0625
2015,Winter,Suisun Marsh,4,Critical,D,12.568985294117647,3.8647708952999418,33.398529411764706
2015,Spring,Confluence,4,Critical,D,17.249519282008634,1.759402548990126,47.76755818645946
2015,Spring,North,4,Critical,D,18.180555555555557,0.08030844472110513,163.33333333333334
2015,Spring,SouthCentral,4,Critical,D,18.618207284186116,0.3057658802704545,93.75141513909996
2015,Spring,Suisun Bay,4,Critical,D,16.729690671316476,9.571260817436256,41.21778711484594
2015,Spring,Suisun Marsh,4,Critical,D,17.475070175438596,4.502374731867989,28.75719298245614
2015,Summer,Confluence,4,Critical,D,21.93158059441935,2.1594497932658987,67.98543354219707
2015,Summer,North,4,Critical,D,23.266666666666666,0.06656939947214885,168
2015,Summer,SouthCentral,4,Critical,D,24.947326162814008,0.44034629585783597,102.14541187097778
2015,Summer,Suisun Bay,4,Critical,D,21.096675213675212,12.416386108496338,45.15575396825397
2015,Summer,Suisun Marsh,4,Critical,D,21.98579188712522,10.23732639904626,39.637742504409175
2015,Fall,Confluence,4,Critical,D,19.334234194844107,2.282537421413955,88.69458584675708
2015,Fall,North,4,Critical,D,18.418333333333333,0.0808231648723588,249.75
2015,Fall,SouthCentral,4,Critical,D,19.498043014098748,0.358939817826533,170.84178685710043
2015,Fall,Suisun Bay,4,Critical,D,19.567573361823364,13.099067448478321,59.80555555555556
2015,Fall,Suisun Marsh,4,Critical,D,18.909791666666667,8.112850039094385,48.851851851851855
2016,Winter,Confluence,6.71,Below Normal,D,10.645064405266485,1.425670039761127,44.84959597648478
2016,Winter,North,6.71,Below Normal,D,10.280555555555557,0.08289878116344931,122.41666666666667
2016,Winter,SouthCentral,6.71,Below Normal,D,10.958153279057761,0.30673977642643396,103.49999972094184
2016,Winter,Suisun Bay,6.71,Below Normal,D,10.816671023965142,8.012687968296163,43.594794094794096
2016,Winter,Suisun Marsh,6.71,Below Normal,D,10.487843137254902,4.478977293836854,33.74607843137255
2016,Spring,Confluence,6.71,Below Normal,D,16.54354799449161,0.28837959266447166,49.39073074898327
2016,Spring,North,6.71,Below Normal,D,16.046666666666667,0.06380066059885474,170.66666666666666
2016,Spring,SouthCentral,6.71,Below Normal,D,17.96530838690308,0.21819335299727238,73.45725555781456
2016,Spring,Suisun Bay,6.71,Below Normal,D,16.43781566091954,3.221644790514933,31.52809523809524
2016,Spring,Suisun Marsh,6.71,Below Normal,D,17.217605244996548,1.801843819735482,22.716356107660456
2016,Summer,Confluence,6.71,Below Normal,D,21.540867491984304,0.6903173976946104,63.38109318980991
2016,Summer,North,6.71,Below Normal,D,21.017222222222223,0.0629257559250569,154.66666666666666
2016,Summer,SouthCentral,6.71,Below Normal,D,24.375573100312074,0.21371421671619936,94.226297709995265
2016,Summer,Suisun Bay,6.71,Below Normal,D,20.736241993873573,8.221060972144112,40.394911297852474
2016,Summer,Suisun Marsh,6.71,Below Normal,D,21.501311612364244,5.372841308914837,37.61925647451963
2016,Fall,Confluence,6.71,Below Normal,D,18.32645272262768,1.6730957816718697,95.2929079702596
2016,Fall,North,6.71,Below Normal,D,16.993757575757577,0.08187228947759713,154.94444444444446
2016,Fall,SouthCentral,6.71,Below Normal,D,19.17932144360565,0.27436491052907286,155.1449275906535
2016,Fall,Suisun Bay,6.71,Below Normal,D,18.172731753014013,10.471834619156057,67.52904628766697
2016,Fall,Suisun Marsh,6.71,Below Normal,D,18.20862745098039,7.452031318510397,43.69673202614379
2017,Winter,Confluence,14.14,Wet,N,10.146189235902698,0.5204422899072211,39.623366725290175
2017,Winter,North,14.14,Wet,N,9.299666666666667,0.06433164810574751,25
2017,Winter,SouthCentral,14.14,Wet,N,10.4025199702934,0.19163636052882113,75.46907048448918
2017,Winter,Suisun Bay,14.14,Wet,N,11.029980506822612,3.3516208114658173,34.83180894308943
2017,Winter,Suisun Marsh,14.14,Wet,N,10.73562693498452,1.9640076963797706,26.469427244582043
2017,Spring,Confluence,14.14,Wet,N,15.061482540821512,0.07332460356411057,57.494524151126896
2017,Spring,North,14.14,Wet,N,13.358962962962963,0.05256902298367777,NA
2017,Spring,SouthCentral,14.14,Wet,N,15.373484405203882,0.07386261135384195,71.14826802939002
2017,Spring,Suisun Bay,14.14,Wet,N,15.568011145942181,0.210421168878322,42.88054187192118
2017,Spring,Suisun Marsh,14.14,Wet,N,16.642727272727274,0.46127132640271584,27.494729907773387
2017,Summer,Confluence,14.14,Wet,N,21.715230610246063,0.3655304222174186,67.36679329932846
2017,Summer,North,14.14,Wet,N,20.8499797979798,0.05594905271493639,NA
2017,Summer,SouthCentral,14.14,Wet,N,21.950321371346465,0.08594711946982092,78.59596035547993
2017,Summer,Suisun Bay,14.14,Wet,N,21.285766666666667,3.5005173764073896,38.59006734006734
2017,Summer,Suisun Marsh,14.14,Wet,N,21.9056,1.9251748790573178,28.25
2017,Fall,Confluence,14.14,Wet,N,18.238376365971824,0.4734394783620236,90.88578247354913
2017,Fall,North,14.14,Wet,N,16.429920634920634,0.06501920947284093,151
2017,Fall,SouthCentral,14.14,Wet,N,17.741426422274564,0.13222607376757112,133.5319877107417
2017,Fall,Suisun Bay,14.14,Wet,N,18.794160569105692,6.787530249236062,57.262012012012015
2017,Fall,Suisun Marsh,14.14,Wet,N,18.41797794117647,5.123411448484919,35.84313725490196
2018,Winter,Confluence,7.14,Below Normal,N,11.109048039473489,0.9415192215097477,71.03536878518186
2018,Winter,North,7.14,Below Normal,N,10.696666666666667,0.08063852207792563,136
2018,Winter,SouthCentral,7.14,Below Normal,N,10.689160583874243,0.23391777783736178,132.21379090778095
2018,Winter,Suisun Bay,7.14,Below Normal,N,11.782932552954291,7.891148752530214,54.800925925925924
2018,Winter,Suisun Marsh,7.14,Below Normal,N,11.603740740740742,4.322432630558505,36.412962962962965
2018,Spring,Confluence,7.14,Below Normal,N,15.396911754547348,0.2485505741512399,62.47854825882388
2018,Spring,North,7.14,Below Normal,N,15.325606060606061,0.06081932859621646,NA
2018,Spring,SouthCentral,7.14,Below Normal,N,16.062426217846063,0.14985296245959703,91.87457858315717
2018,Spring,Suisun Bay,7.14,Below Normal,N,15.365091806958473,3.076925403631051,39.96437495537945
2018,Spring,Suisun Marsh,7.14,Below Normal,N,15.782983682983682,1.2508495330068454,26.061568865916694
2018,Summer,Confluence,7.14,Below Normal,N,21.54783846777172,0.710071596478776,84.66071523881408
2018,Summer,North,7.14,Below Normal,N,22.03739898989899,0.05924976342202743,NA
2018,Summer,SouthCentral,7.14,Below Normal,N,24.084858250729226,0.2070615346030871,104.98191725855877
2018,Summer,Suisun Bay,7.14,Below Normal,N,20.50538268748795,8.00610725876917,41.09090909090909
2018,Summer,Suisun Marsh,7.14,Below Normal,N,21.464343249427916,4.365349685156884,33.949443173150264
2018,Fall,Confluence,7.14,Below Normal,N,18.093709464147857,1.479095129590676,115.47578161500272
2018,Fall,North,7.14,Below Normal,N,17.22420634920635,0.07411115065386867,276.44444444444446
2018,Fall,SouthCentral,7.14,Below Normal,N,18.286897731224553,0.2593809716011425,142.77994449749085
2018,Fall,Suisun Bay,7.14,Below Normal,N,18.19890130718954,10.882054821289943,63.60299898682877
2018,Fall,Suisun Marsh,7.14,Below Normal,N,18.06605263157895,6.699996712369194,43.59100877192982
2019,Winter,Confluence,10.34,Wet,N,10.355008318934784,0.7288519663885155,59.9660427651433
2019,Winter,North,10.34,Wet,N,10.883981481481483,0.08367640395929837,207.66666666666669
2019,Winter,SouthCentral,10.34,Wet,N,10.618961503280538,0.27276572121870313,83.86248873159181
2019,Winter,Suisun Bay,10.34,Wet,N,10.75363043478261,5.719264178778351,44.54319105691057
2019,Winter,Suisun Marsh,10.34,Wet,N,10.674162796697626,2.157662990382002,29.17606209150327
2019,Spring,Confluence,10.34,Wet,N,14.998869255978276,0.07479013723114071,66.79275084434617
2019,Spring,North,10.34,Wet,N,14.191445221445221,0.049155518980107636,NA
2019,Spring,SouthCentral,10.34,Wet,N,14.783288788257186,0.08755358325329138,90.12366951268555
2019,Spring,Suisun Bay,10.34,Wet,N,15.458262032085562,0.20212912395788696,38.40714285714286
2019,Spring,Suisun Marsh,10.34,Wet,N,16.536455627705628,0.4619660563445927,27.67207792207792
2019,Summer,Confluence,10.34,Wet,N,21.911098772551064,0.27227146613631303,82.2143930132368
2019,Summer,North,10.34,Wet,N,20.49646153846154,0.05160800487663593,NA
2019,Summer,SouthCentral,10.34,Wet,N,22.557411118641305,0.09823737356687084,90.63249242846314
2019,Summer,Suisun Bay,10.34,Wet,N,21.427948484848486,3.7930284495156146,42.18890049924533
2019,Summer,Suisun Marsh,10.34,Wet,N,22.44786292654714,1.8514088894983622,32.344258081100186
2019,Fall,Confluence,10.34,Wet,N,17.97766215043322,0.4037031052402195,93.66253475129072
2019,Fall,North,10.34,Wet,N,15.975135327635329,0.06244107684983977,152.55555555555554
2019,Fall,SouthCentral,10.34,Wet,N,17.737393540868165,0.13926042405309075,140.10269222091915
2019,Fall,Suisun Bay,10.34,Wet,N,18.20955642469754,6.547762463715185,51.632558139534886
2019,Fall,Suisun Marsh,10.34,Wet,N,17.886495098039216,4.015609850738164,41.252450980392155
2020,Winter,Confluence,6.12,Dry,D,10.719361308476454,0.9404272084519975,64.30129584149921
2020,Winter,North,6.12,Dry,D,10.693039682539682,0.08523718709990734,43.333333333333336
2020,Winter,SouthCentral,6.12,Dry,D,10.796294985109247,0.2119795657303438,110.14183997582737
2020,Winter,Suisun Bay,6.12,Dry,D,11.17812700228833,6.9820284928268,43.44891598915989
2020,Winter,Suisun Marsh,6.12,Dry,D,10.486713235294118,2.8386765068127677,34.118872549019606
2020,Spring,Confluence,6.12,Dry,D,16.62112138974967,0.6592189622135324,67.49749439368235
2020,Spring,North,6.12,Dry,D,17.083750000000002,0.07339520306245802,NA
2020,Spring,SouthCentral,6.12,Dry,D,17.587141481210576,0.21098829925803572,154.84814823159465
2020,Spring,Suisun Bay,6.12,Dry,D,16.599090909090908,7.593565479543612,51.65151515151515
2020,Spring,Suisun Marsh,6.12,Dry,D,16.759572368421054,2.2436688617786533,32.743421052631575
2020,Summer,Confluence,6.12,Dry,D,22.219670369622353,1.0334527122298827,93.44638198523758
2020,Summer,North,6.12,Dry,D,22.370990675990676,0.06493099011522076,NA
2020,Summer,SouthCentral,6.12,Dry,D,24.18202785314384,0.17346169115634122,146.57613636363635
2020,Summer,Suisun Bay,6.12,Dry,D,21.300648680351905,9.696920406678995,49.77126099706745
2020,Summer,Suisun Marsh,6.12,Dry,D,22.48981111111111,5.987869921646024,42.77518518518519
2020,Fall,Confluence,6.12,Dry,D,18.738251765439436,1.819206170053298,102.75126267469463
2020,Fall,North,6.12,Dry,D,17.16347619047619,0.07081944221579006,259.1111111111111
2020,Fall,SouthCentral,6.12,Dry,D,18.542747961467455,0.26923456923459993,195.40602547174845
2020,Fall,Suisun Bay,6.12,Dry,D,18.782833333333333,11.886693192487296,67.5462962962963
2020,Fall,Suisun Marsh,6.12,Dry,D,18.21879357298475,7.04741141426488,50.557870370370374
2021,Winter,Confluence,3.8,Critical,D,10.639211591398357,1.6730841240070942,71.91137229601466
2021,Winter,North,3.8,Critical,D,10.339545454545455,0.08576268313097556,204.33333333333334
2021,Winter,SouthCentral,3.8,Critical,D,10.559705089063456,0.30495912272094705,162.34295331520093
2021,Winter,Suisun Bay,3.8,Critical,D,11.299999999999999,9.874693064645001,62.8974358974359
2021,Winter,Suisun Marsh,3.8,Critical,D,10.536031746031746,5.031825005237744,45.51904761904762
2021,Spring,Confluence,3.8,Critical,D,15.805219554154815,1.1459582873372385,61.11415774762222
2021,Spring,North,3.8,Critical,D,17.23310606060606,0.08028180948481932,NA
2021,Spring,SouthCentral,3.8,Critical,D,17.075101403573367,0.2769351211582835,142.90039278655473
2021,Spring,Suisun Bay,3.8,Critical,D,15.459567413263066,9.02807096021965,45.15810276679842
2021,Spring,Suisun Marsh,3.8,Critical,D,15.9031975308642,3.7797857991643697,33.98466536712151
2021,Summer,Confluence,3.8,Critical,D,21.460270595985754,2.0705090033695237,78.36209762128668
2021,Summer,North,3.8,Critical,D,23.879343434343433,0.06515665722983968,NA
2021,Summer,SouthCentral,3.8,Critical,D,23.615759949512107,0.25489748199471973,134.46635722017578
2021,Summer,Suisun Bay,3.8,Critical,D,19.79513878278584,11.647609828658707,41.30062058493431
2021,Summer,Suisun Marsh,3.8,Critical,D,20.62244682218366,8.759628313534389,40.733082706766915
2021,Fall,Confluence,3.8,Critical,D,18.31170684646375,1.99368468373562,83.36350182645587
2021,Fall,North,3.8,Critical,D,17.825897435897435,0.07959927769120019,202.44444444444443
2021,Fall,SouthCentral,3.8,Critical,D,19.104564232279458,0.2670900602123678,156.95958346202045
2021,Fall,Suisun Bay,3.8,Critical,D,18.501416666666668,10.231223582751005,64.17592592592592
2021,Fall,Suisun Marsh,3.8,Critical,D,17.42216339869281,6.973161738038077,42.13725490196079
