YearAdj,Season,Region,SVIndex,YearType,Drought,DissAmmonia,DissNitrateNitrite,DissOrthophos
1975,Winter,Confluence,9.35,Wet,W,0.06868099,0.3613806,0.06762936833333333
1975,Winter,North,9.35,Wet,W,NA,NA,0.07500000000000001
1975,Winter,SouthCentral,9.35,Wet,W,NA,NA,0.10750000000000001
1975,Winter,Suisun Bay,9.35,Wet,W,0.104800374,0.3585792,0.07810636555555556
1975,Spring,Confluence,9.35,Wet,W,0.0319009425,0.19252796111111112,0.04939995625
1975,Spring,North,9.35,Wet,W,NA,0.12666666666666668,0.04833333333333333
1975,Spring,SouthCentral,9.35,Wet,W,NA,0.4297619047619048,0.11625
1975,Spring,Suisun Bay,9.35,Wet,W,0.06821409,0.2285154523809524,0.054160188205128204
1975,Summer,Confluence,9.35,Wet,W,NA,0.1463888888888889,0.05361111111111111
1975,Summer,North,9.35,Wet,W,NA,0.08666666666666667,0.055
1975,Summer,SouthCentral,9.35,Wet,W,NA,0.2775,0.08583333333333333
1975,Summer,Suisun Bay,9.35,Wet,W,NA,0.11593253968253968,0.051250000000000004
1975,Fall,Confluence,9.35,Wet,W,0.018419205,0.16903065833333333,0.0568071
1975,Fall,North,9.35,Wet,W,NA,0.08833333333333333,0.051666666666666666
1975,Fall,SouthCentral,9.35,Wet,W,NA,0.38166666666666665,0.08708333333333333
1975,Fall,Suisun Bay,9.35,Wet,W,0.041670825,0.23174648833333333,0.07307415866666667
1976,Winter,Confluence,5.29,Critical,D,NA,0.2588888888888889,0.059444444444444446
1976,Winter,North,5.29,Critical,D,NA,0.11,0.07666666666666666
1976,Winter,SouthCentral,5.29,Critical,D,NA,0.6375,0.10416666666666667
1976,Winter,Suisun Bay,5.29,Critical,D,NA,0.30972222222222223,0.06444444444444444
1976,Spring,Confluence,5.29,Critical,D,0.0344922375,0.219373325,0.06220203388888889
1976,Spring,North,5.29,Critical,D,NA,0.12000000000000001,0.07333333333333333
1976,Spring,SouthCentral,5.29,Critical,D,NA,0.47625,0.09
1976,Spring,Suisun Bay,5.29,Critical,D,0.028340829999999997,0.21824383055555557,0.06107196111111111
1976,Summer,Confluence,5.29,Critical,D,0.03319659,0.2581556111111111,0.08804897523809524
1976,Summer,North,5.29,Critical,D,NA,0.08833333333333333,0.09166666666666667
1976,Summer,SouthCentral,5.29,Critical,D,NA,0.2927777777777778,0.12541666666666668
1976,Summer,Suisun Bay,5.29,Critical,D,0.020380185000000002,0.23475234722222224,0.08615981416666667
1976,Fall,Confluence,5.29,Critical,D,0.011415705,0.31922666955266954,0.09860490239538239
1976,Fall,North,5.29,Critical,D,NA,0.11333333333333334,0.10833333333333334
1976,Fall,SouthCentral,5.29,Critical,D,NA,0.6101666666666666,0.15726190476190477
1976,Fall,Suisun Bay,5.29,Critical,D,0.024185420000000003,0.36135974444444446,0.1004639874074074
1977,Winter,Confluence,3.11,Critical,D,NA,0.5216666666666667,0.09777777777777778
1977,Winter,North,3.11,Critical,D,NA,0.14,0.12666666666666665
1977,Winter,SouthCentral,3.11,Critical,D,NA,1.2225,0.12916666666666668
1977,Winter,Suisun Bay,3.11,Critical,D,NA,0.4411111111111111,0.09888888888888889
1977,Spring,Confluence,3.11,Critical,D,0.0435795025,0.5351341454603175,0.08998995663492064
1977,Spring,North,3.11,Critical,D,NA,0.07500000000000001,0.09333333333333334
1977,Spring,SouthCentral,3.11,Critical,D,NA,0.8125,0.10041666666666667
1977,Spring,Suisun Bay,3.11,Critical,D,0.12193871666666667,0.5784037987037037,0.09694866833333333
1977,Summer,Confluence,3.11,Critical,D,0.0192946425,0.36766418014652014,0.09531160197802198
1977,Summer,North,3.11,Critical,D,NA,0.075,0.11833333333333335
1977,Summer,SouthCentral,3.11,Critical,D,NA,0.38958333333333334,0.11833333333333333
1977,Summer,Suisun Bay,3.11,Critical,D,0.052268575,0.4064821088888889,0.09475607407407408
1977,Fall,Confluence,3.11,Critical,D,0.08530263,0.3709380305555556,0.09696920166666667
1977,Fall,North,3.11,Critical,D,NA,0.16666666666666666,0.15666666666666668
1977,Fall,SouthCentral,3.11,Critical,D,NA,0.5075000000000001,0.12333333333333334
1977,Fall,Suisun Bay,3.11,Critical,D,0.12526927,0.40070978333333335,0.10704565111111111
1978,Winter,Confluence,8.65,Above Normal,N,0.14777385,0.8562806972222223,0.08990184944444445
1978,Winter,North,8.65,Above Normal,N,NA,0.38,0.1
1978,Winter,SouthCentral,8.65,Above Normal,N,NA,1.5266666666666666,0.18083333333333335
1978,Winter,Suisun Bay,8.65,Above Normal,N,0.18676,0.6428008222222222,0.09253970111111111
1978,Spring,Confluence,8.65,Above Normal,N,NA,0.37138888888888894,0.06222222222222223
1978,Spring,North,8.65,Above Normal,N,NA,0.2,0.04
1978,Spring,SouthCentral,8.65,Above Normal,N,NA,0.6054166666666667,0.13166666666666665
1978,Spring,Suisun Bay,8.65,Above Normal,N,0.01652826,0.4546631220634921,0.06971738444444445
1978,Summer,Confluence,8.65,Above Normal,N,NA,0.2751262626262626,0.08266666666666667
1978,Summer,North,8.65,Above Normal,N,NA,0.135,0.09
1978,Summer,SouthCentral,8.65,Above Normal,N,NA,0.34875,0.09666666666666666
1978,Summer,Suisun Bay,8.65,Above Normal,N,0.01512756,0.20210283380952382,0.07044384277777778
1978,Fall,Confluence,8.65,Above Normal,N,0.01932966,0.24435757264957264,0.08076072571428572
1978,Fall,North,8.65,Above Normal,N,NA,0.14666666666666667,0.09333333333333334
1978,Fall,SouthCentral,8.65,Above Normal,N,NA,0.37125,0.1
1978,Fall,Suisun Bay,8.65,Above Normal,N,NA,0.16444444444444445,0.06555555555555556
1979,Winter,Confluence,6.67,Below Normal,N,0.1,0.5672222222222222,0.07833333333333332
1979,Winter,North,6.67,Below Normal,N,0.13,0.30666666666666664,0.09
1979,Winter,SouthCentral,6.67,Below Normal,N,0.24125,0.9866666666666667,0.14833333333333334
1979,Winter,Suisun Bay,6.67,Below Normal,N,0.09666666666666668,0.5522222222222222,0.07444444444444444
1979,Spring,Confluence,6.67,Below Normal,N,0.05333333333333333,0.3547222222222222,0.0638888888888889
1979,Spring,North,6.67,Below Normal,N,0.10666666666666667,0.17333333333333334,0.060000000000000005
1979,Spring,SouthCentral,6.67,Below Normal,N,0.07291666666666667,0.5116666666666667,0.08
1979,Spring,Suisun Bay,6.67,Below Normal,N,0.04044444444444445,0.43444444444444447,0.06666666666666667
1979,Summer,Confluence,6.67,Below Normal,N,0.023511274444444445,0.17430282373626374,0.06506216603174603
1979,Summer,North,6.67,Below Normal,N,0.15666666666666668,0.12,0.08333333333333334
1979,Summer,SouthCentral,6.67,Below Normal,N,0.04672619047619048,0.2668055555555556,0.08888888888888889
1979,Summer,Suisun Bay,6.67,Below Normal,N,0.01518374238095238,0.06306033634920635,0.047817410000000005
1979,Fall,Confluence,6.67,Below Normal,N,0.050957579747474745,0.24922077599999998,0.08655858222222222
1979,Fall,North,6.67,Below Normal,N,0.18166666666666667,0.145,0.08666666666666667
1979,Fall,SouthCentral,6.67,Below Normal,N,0.06875,0.4116666666666667,0.10333333333333335
1979,Fall,Suisun Bay,6.67,Below Normal,N,0.05143605133333334,0.1525051968888889,0.07545362166666668
1980,Winter,Confluence,9.04,Above Normal,N,0.0872093903968254,0.32535772753968256,0.0729563992063492
1980,Winter,North,9.04,Above Normal,N,0.1125,0.155,0.06
1980,Winter,SouthCentral,9.04,Above Normal,N,0.09,0.42625,0.0975
1980,Winter,Suisun Bay,9.04,Above Normal,N,0.09689718833333333,0.3637886586111111,0.07742570722222222
1980,Spring,Confluence,9.04,Above Normal,N,0.047992413424908426,0.24525766377289376,0.04851957740740741
1980,Spring,North,9.04,Above Normal,N,0.10333333333333335,0.14444444444444446,0.043333333333333335
1980,Spring,SouthCentral,9.04,Above Normal,N,0.05648809523809524,0.3543452380952381,0.07566666666666666
1980,Spring,Suisun Bay,9.04,Above Normal,N,0.04190563378571428,0.28745467260714286,0.05417073490476191
1980,Summer,Confluence,9.04,Above Normal,N,0.03142904645833333,0.2081935769345238,0.06754802405555556
1980,Summer,North,9.04,Above Normal,N,0.11333333333333334,0.09444444444444444,0.06333333333333334
1980,Summer,SouthCentral,9.04,Above Normal,N,0.04339285714285714,0.3307738095238095,0.08361111111111111
1980,Summer,Suisun Bay,9.04,Above Normal,N,0.023460062444444443,0.2161320027261905,0.07252655566666667
1980,Fall,Confluence,9.04,Above Normal,N,0.05014639599206349,0.21515678952380954,0.07915059444444444
1980,Fall,North,9.04,Above Normal,N,0.16444444444444445,0.13333333333333333,0.11
1980,Fall,SouthCentral,9.04,Above Normal,N,0.055,0.3735833333333333,0.08333333333333333
1980,Fall,Suisun Bay,9.04,Above Normal,N,0.03866641541666667,0.17487388375000001,0.069233506
1981,Winter,Confluence,6.21,Dry,N,0.10210994166666666,0.404278118968254,0.07995064682539683
1981,Winter,North,6.21,Dry,N,0.195,0.24333333333333335,0.07666666666666667
1981,Winter,SouthCentral,6.21,Dry,N,0.17166666666666666,0.7991666666666666,0.13083333333333333
1981,Winter,Suisun Bay,6.21,Dry,N,0.11074781272222223,0.4149141257222222,0.08100744877777778
1981,Spring,Confluence,6.21,Dry,N,0.0651010101010101,0.26590909090909093,0.07686868686868686
1981,Spring,North,6.21,Dry,N,0.1438888888888889,0.16,0.06833333333333333
1981,Spring,SouthCentral,6.21,Dry,N,0.1286904761904762,0.6329166666666667,0.134
1981,Spring,Suisun Bay,6.21,Dry,N,0.05722222222222222,0.29500000000000004,0.08833333333333333
1981,Summer,Confluence,6.21,Dry,N,0.04661616161616162,0.21771717171717173,0.08666666666666667
1981,Summer,North,6.21,Dry,N,0.16777777777777778,0.12055555555555555,0.09
1981,Summer,SouthCentral,6.21,Dry,N,0.03755952380952381,0.3514285714285714,0.11750000000000001
1981,Summer,Suisun Bay,6.21,Dry,N,0.03972222222222222,0.10777777777777778,0.07
1981,Fall,Confluence,6.21,Dry,N,0.07497474747474747,0.2910858585858586,0.0961111111111111
1981,Fall,North,6.21,Dry,N,0.1866983888888889,0.18777777777777777,0.11166666666666668
1981,Fall,SouthCentral,6.21,Dry,N,0.09952380952380951,0.44529761904761905,0.1075
1981,Fall,Suisun Bay,6.21,Dry,N,0.09888888888888889,0.2816666666666667,0.08777777777777777
1982,Winter,Confluence,12.76,Wet,W,0.05555555555555555,0.2838888888888889,0.03777777777777778
1982,Winter,North,12.76,Wet,W,0.09166666666666666,0.20666666666666667,0.04
1982,Winter,SouthCentral,12.76,Wet,W,0.2658333333333333,1.0233333333333334,0.15583333333333332
1982,Winter,Suisun Bay,12.76,Wet,W,0.07555555555555556,0.3211111111111111,0.04777777777777778
1982,Spring,Confluence,12.76,Wet,W,0.050833333333333335,0.16694444444444445,0.041666666666666664
1982,Spring,North,12.76,Wet,W,0.06333333333333332,0.11,0.03166666666666667
1982,Spring,SouthCentral,12.76,Wet,W,0.10125,0.38388888888888884,0.10916666666666666
1982,Spring,Suisun Bay,12.76,Wet,W,0.045000000000000005,0.16833333333333333,0.03944444444444444
1982,Summer,Confluence,12.76,Wet,W,0.04138888888888889,0.1675,0.052222222222222225
1982,Summer,North,12.76,Wet,W,0.11555555555555555,0.10833333333333334,0.058333333333333334
1982,Summer,SouthCentral,12.76,Wet,W,0.057916666666666665,0.37488095238095237,0.0815
1982,Summer,Suisun Bay,12.76,Wet,W,0.052222222222222225,0.20722222222222222,0.06222222222222223
1982,Fall,Confluence,12.76,Wet,W,0.04292929292929293,0.18472222222222223,0.05722222222222222
1982,Fall,North,12.76,Wet,W,0.11222222222222222,0.13944444444444445,0.06833333333333333
1982,Fall,SouthCentral,12.76,Wet,W,0.044583333333333336,0.2660119047619048,0.060833333333333336
1982,Fall,Suisun Bay,12.76,Wet,W,0.04388888888888889,0.20500000000000002,0.06888888888888889
1983,Winter,Confluence,15.29,Wet,W,0.05666666666666667,0.255,0.04777777777777778
1983,Winter,North,15.29,Wet,W,0.07166666666666667,0.15166666666666667,0.03166666666666667
1983,Winter,SouthCentral,15.29,Wet,W,0.14833333333333334,0.5791666666666666,0.105
1983,Winter,Suisun Bay,15.29,Wet,W,0.065,0.315,0.04888888888888889
1983,Spring,Confluence,15.29,Wet,W,0.052222222222222225,0.21555555555555556,0.037500000000000006
1983,Spring,North,15.29,Wet,W,0.03796833333333333,0.09166666666666667,0.023333333333333334
1983,Spring,SouthCentral,15.29,Wet,W,0.115,0.41583333333333333,0.135
1983,Spring,Suisun Bay,15.29,Wet,W,0.05,0.21888888888888888,0.03666666666666667
1983,Summer,Confluence,15.29,Wet,W,0.035555555555555556,0.13055555555555556,0.034999999999999996
1983,Summer,North,15.29,Wet,W,0.09831666666666666,0.07295383333333333,0.03
1983,Summer,SouthCentral,15.29,Wet,W,0.045000000000000005,0.25416666666666665,0.051666666666666666
1983,Summer,Suisun Bay,15.29,Wet,W,0.030000000000000002,0.14888888888888888,0.03888888888888889
1983,Fall,Confluence,15.29,Wet,W,0.04888888888888889,0.22444444444444445,0.050555555555555555
1983,Fall,North,15.29,Wet,W,0.08666666666666667,0.11166666666666666,0.05
1983,Fall,SouthCentral,15.29,Wet,W,0.060833333333333336,0.40166666666666667,0.052500000000000005
1983,Fall,Suisun Bay,15.29,Wet,W,0.030000000000000002,0.2588888888888889,0.05333333333333334
1984,Winter,Confluence,10,Wet,W,0.05611111111111111,0.2961111111111111,0.03888888888888889
1984,Winter,North,10,Wet,W,0.056666666666666664,0.20833333333333334,0.03666666666666667
1984,Winter,SouthCentral,10,Wet,W,0.09666666666666668,0.6191666666666666,0.05916666666666667
1984,Winter,Suisun Bay,10,Wet,W,0.05777777777777778,0.3211111111111111,0.04111111111111111
1984,Spring,Confluence,10,Wet,W,0.05277777777777778,0.21944444444444444,0.044444444444444446
1984,Spring,North,10,Wet,W,0.16685583333333334,0.15000000000000002,0.06166666666666667
1984,Spring,SouthCentral,10,Wet,W,0.09833333333333333,0.5591666666666667,0.09583333333333334
1984,Spring,Suisun Bay,10,Wet,W,0.04111111111111111,0.20777777777777778,0.051111111111111114
1984,Summer,Confluence,10,Wet,W,0.037222222222222226,0.15611111111111112,0.060000000000000005
1984,Summer,North,10,Wet,W,0.09607033333333334,0.07147011111111111,0.04666666666666667
1984,Summer,SouthCentral,10,Wet,W,0.09083333333333334,0.3423809523809524,0.0975
1984,Summer,Suisun Bay,10,Wet,W,0.04111111111111111,0.2088888888888889,0.07111111111111111
1984,Fall,Confluence,10,Wet,W,0.05399932108169935,0.15954141489215687,0.06753819131313132
1984,Fall,North,10,Wet,W,0.15833333333333333,0.14166666666666666,0.06666666666666667
1984,Fall,SouthCentral,10,Wet,W,0.11027777777777778,0.53125,0.09416666666666666
1984,Fall,Suisun Bay,10,Wet,W,0.04652615703703704,0.1480944491111111,0.06502701955555555
1985,Winter,Confluence,6.47,Dry,N,0.09333333333333334,0.32833333333333337,0.05722222222222222
1985,Winter,North,6.47,Dry,N,0.10357883333333334,0.19333333333333333,0.04666666666666667
1985,Winter,SouthCentral,6.47,Dry,N,0.265,0.8283333333333334,0.14250000000000002
1985,Winter,Suisun Bay,6.47,Dry,N,0.09888888888888889,0.3144444444444444,0.061111111111111116
1985,Spring,Confluence,6.47,Dry,N,0.07944444444444444,0.26611111111111113,0.06722222222222222
1985,Spring,North,6.47,Dry,N,0.16722222222222222,0.1527777777777778,0.06
1985,Spring,SouthCentral,6.47,Dry,N,0.16892857142857143,0.6654563492063492,0.125
1985,Spring,Suisun Bay,6.47,Dry,N,0.08833333333333333,0.3655555555555556,0.07666666666666667
1985,Summer,Confluence,6.47,Dry,N,0.048762626262626264,0.1988888888888889,0.07222222222222222
1985,Summer,North,6.47,Dry,N,0.18611111111111112,0.06436366666666667,0.09166666666666666
1985,Summer,SouthCentral,6.47,Dry,N,0.05523809523809524,0.5641666666666667,0.1
1985,Summer,Suisun Bay,6.47,Dry,N,0.051111111111111114,0.25055555555555553,0.08666666666666667
1985,Fall,Confluence,6.47,Dry,N,0.07138888888888889,0.18805555555555556,0.09333333333333334
1985,Fall,North,6.47,Dry,N,0.24166666666666667,0.07555555555555556,0.115
1985,Fall,SouthCentral,6.47,Dry,N,0.048095238095238094,0.37206349206349204,0.09916666666666667
1985,Fall,Suisun Bay,6.47,Dry,N,0.07277777777777777,0.20666666666666667,0.09666666666666666
1986,Winter,Confluence,9.96,Wet,N,0.14444444444444446,0.3888888888888889,0.08833333333333333
1986,Winter,North,9.96,Wet,N,0.19,0.2316666666666667,0.09166666666666667
1986,Winter,SouthCentral,9.96,Wet,N,0.29583333333333334,1.0083333333333333,0.2
1986,Winter,Suisun Bay,9.96,Wet,N,0.1622222222222222,0.3822222222222222,0.09666666666666666
1986,Spring,Confluence,9.96,Wet,N,0.045,0.23555555555555555,0.045
1986,Spring,North,9.96,Wet,N,0.115,0.16666666666666666,0.056666666666666664
1986,Spring,SouthCentral,9.96,Wet,N,0.0725,0.39,0.08111111111111112
1986,Spring,Suisun Bay,9.96,Wet,N,0.04888888888888889,0.25555555555555554,0.051111111111111114
1986,Summer,Confluence,9.96,Wet,N,0.030030303030303032,0.2079040404040404,0.05722222222222222
1986,Summer,North,9.96,Wet,N,0.16055555555555556,0.0961111111111111,0.07555555555555556
1986,Summer,SouthCentral,9.96,Wet,N,0.04285714285714286,0.3824801587301587,0.06766666666666667
1986,Summer,Suisun Bay,9.96,Wet,N,0.029166666666666667,0.20500000000000002,0.061111111111111116
1986,Fall,Confluence,9.96,Wet,N,0.05472222222222222,0.22555555555555556,0.07777777777777778
1986,Fall,North,9.96,Wet,N,0.08460066666666666,0.09919577777777779,0.04572222222222222
1986,Fall,SouthCentral,9.96,Wet,N,0.07708333333333334,0.5225,0.07416666666666667
1986,Fall,Suisun Bay,9.96,Wet,N,0.05377777777777778,0.1661111111111111,0.06777777777777777
1987,Winter,Confluence,5.86,Dry,D,0.13866666666666666,0.31822222222222224,0.08666666666666667
1987,Winter,North,5.86,Dry,D,0.08184655555555556,0.20444444444444443,0.05444444444444444
1987,Winter,SouthCentral,5.86,Dry,D,0.21166666666666667,0.9341666666666667,0.12611111111111112
1987,Winter,Suisun Bay,5.86,Dry,D,0.13,0.2977777777777778,0.07666666666666666
1987,Spring,Confluence,5.86,Dry,D,0.08204545454545455,0.36686868686868684,0.07844444444444444
1987,Spring,North,5.86,Dry,D,0.14083333333333334,0.16416666666666668,0.06833333333333333
1987,Spring,SouthCentral,5.86,Dry,D,0.15726190476190477,0.8600000000000001,0.1325
1987,Spring,Suisun Bay,5.86,Dry,D,0.06544444444444444,0.38722222222222225,0.05444444444444444
1987,Summer,Confluence,5.86,Dry,D,0.04594444444444445,0.3032222222222222,0.0938888888888889
1987,Summer,North,5.86,Dry,D,0.15443325,0.09762325,0.05555555555555556
1987,Summer,SouthCentral,5.86,Dry,D,0.03142857142857143,0.5228571428571429,0.10583333333333333
1987,Summer,Suisun Bay,5.86,Dry,D,0.06166666666666667,0.32166666666666666,0.08333333333333333
1987,Fall,Confluence,5.86,Dry,D,0.07222222222222222,0.3188888888888889,0.08388888888888889
1987,Fall,North,5.86,Dry,D,0.20833333333333334,0.09746983333333334,0.059771333333333336
1987,Fall,SouthCentral,5.86,Dry,D,0.1438095238095238,0.5779166666666666,0.07716666666666666
1987,Fall,Suisun Bay,5.86,Dry,D,0.14222222222222222,0.3997222222222222,0.09111111111111111
1988,Winter,Confluence,4.65,Critical,D,0.11166666666666666,0.42333333333333334,0.07888888888888888
1988,Winter,North,4.65,Critical,D,0.14222222222222222,0.26055555555555554,0.06845322222222222
1988,Winter,SouthCentral,4.65,Critical,D,0.18333333333333332,0.765,0.13333333333333336
1988,Winter,Suisun Bay,4.65,Critical,D,0.11555555555555555,0.3522222222222222,0.08666666666666667
1988,Spring,Confluence,4.65,Critical,D,0.07833333333333334,0.31194444444444447,0.0938888888888889
1988,Spring,North,4.65,Critical,D,0.1508931388888889,0.14833333333333334,0.05444444444444444
1988,Spring,SouthCentral,4.65,Critical,D,0.12,0.7566666666666667,0.13416666666666668
1988,Spring,Suisun Bay,4.65,Critical,D,0.08833333333333333,0.33722222222222226,0.10777777777777778
1988,Summer,Confluence,4.65,Critical,D,0.04527777777777778,0.29444444444444445,0.10083333333333333
1988,Summer,North,4.65,Critical,D,0.15694444444444444,0.07271169444444445,0.05388888888888889
1988,Summer,SouthCentral,4.65,Critical,D,0.036238095238095236,0.46416666666666667,0.13404761904761905
1988,Summer,Suisun Bay,4.65,Critical,D,0.058333333333333334,0.4244444444444444,0.1288888888888889
1988,Fall,Confluence,4.65,Critical,D,0.06174993696078432,0.347590934973545,0.10626446325396825
1988,Fall,North,4.65,Critical,D,0.34579533333333334,0.08402716666666667,0.12166666666666667
1988,Fall,SouthCentral,4.65,Critical,D,0.14,0.5229166666666667,0.11066666666666666
1988,Fall,Suisun Bay,4.65,Critical,D,0.024640067083333335,0.45518262106481483,0.13698968944444445
1989,Winter,Confluence,6.13,Dry,D,0.1483962481111111,0.42456354655555556,0.10456858844444444
1989,Winter,North,6.13,Dry,D,0.25666666666666665,0.29,0.1
1989,Winter,SouthCentral,6.13,Dry,D,0.24416666666666667,0.8658333333333333,0.18083333333333335
1989,Winter,Suisun Bay,6.13,Dry,D,0.1256795,0.4601856238888889,0.10613605777777778
1989,Spring,Confluence,6.13,Dry,D,0.06072180737373738,0.22204241333333333,0.05825843272727273
1989,Spring,North,6.13,Dry,D,0.17333333333333334,0.12166666666666667,0.065
1989,Spring,SouthCentral,6.13,Dry,D,0.154896375,0.7376666666666667,0.1525
1989,Spring,Suisun Bay,6.13,Dry,D,0.07354621444444445,0.27081567333333334,0.06548202444444445
1989,Summer,Confluence,6.13,Dry,D,0.05507474028011205,0.20957299250233427,0.07796392575757576
1989,Summer,North,6.13,Dry,D,0.20444444444444446,0.08444444444444445,0.08166666666666667
1989,Summer,SouthCentral,6.13,Dry,D,0.02856375,0.33083333333333337,0.10666666666666667
1989,Summer,Suisun Bay,6.13,Dry,D,0.05082503888888889,0.2893016674074074,0.08939841666666667
1989,Fall,Confluence,6.13,Dry,D,0.08988664895424837,0.3120700294771242,0.09474194525252526
1989,Fall,North,6.13,Dry,D,0.24094077777777775,0.14666666666666667,0.095
1989,Fall,SouthCentral,6.13,Dry,D,0.14257879166666668,0.44458333333333333,0.10833333333333334
1989,Fall,Suisun Bay,6.13,Dry,D,0.04300950592592593,0.40216273592592594,0.10382289
1990,Winter,Confluence,4.81,Critical,D,0.1636781872727273,0.3533639468686869,0.09172000949494949
1990,Winter,North,4.81,Critical,D,0.13,0.16666666666666669,0.06833333333333334
1990,Winter,SouthCentral,4.81,Critical,D,0.18833333333333335,0.59,0.13333333333333333
1990,Winter,Suisun Bay,4.81,Critical,D,0.16496135333333334,0.38856341,0.08855032888888889
1990,Spring,Confluence,4.81,Critical,D,0.11131048496732027,0.39336842980392156,0.09350145151515152
1990,Spring,North,4.81,Critical,D,0.28555555555555556,0.12777777777777777,0.09555555555555556
1990,Spring,SouthCentral,4.81,Critical,D,0.06105854166666667,0.5792550416666666,0.09833333333333333
1990,Spring,Suisun Bay,4.81,Critical,D,0.11431587407407406,0.47872377555555556,0.10303271444444445
1990,Summer,Confluence,4.81,Critical,D,0.03738344026143791,0.3922657151633987,0.09953501212121213
1990,Summer,North,4.81,Critical,D,0.280493,0.059533555555555555,0.075
1990,Summer,SouthCentral,4.81,Critical,D,0.02422841666666667,0.4483333333333333,0.11833333333333335
1990,Summer,Suisun Bay,4.81,Critical,D,0.033035998518518524,0.5309796388888889,0.1372177977777778
1990,Fall,Confluence,4.81,Critical,D,0.054143222222222225,0.3572222222222222,0.11666666666666667
1990,Fall,North,4.81,Critical,D,0.35858188888888887,0.10087277777777778,0.13
1990,Fall,SouthCentral,4.81,Critical,D,0.058656875000000004,0.5175000000000001,0.1075
1990,Fall,Suisun Bay,4.81,Critical,D,0.04179455555555556,0.3788888888888889,0.14666666666666667
1991,Winter,Confluence,4.21,Critical,D,0.19338941333333334,0.41886431404040403,0.12030113191919192
1991,Winter,North,4.21,Critical,D,0.33666666666666667,0.115,0.11
1991,Winter,SouthCentral,4.21,Critical,D,0.2791666666666667,0.7116666666666667,0.15166666666666667
1991,Winter,Suisun Bay,4.21,Critical,D,0.18839946777777777,0.38082456,0.1205854088888889
1991,Spring,Confluence,4.21,Critical,D,0.13484926202614378,0.6158934533333333,0.1160142393939394
1991,Spring,North,4.21,Critical,D,0.3011111111111111,0.31277777777777777,0.12333333333333334
1991,Spring,SouthCentral,4.21,Critical,D,0.32208333333333333,0.9958333333333333,0.19833333333333333
1991,Spring,Suisun Bay,4.21,Critical,D,0.1298155462962963,0.647189205925926,0.11927796222222223
1991,Summer,Confluence,4.21,Critical,D,0.07157511307189543,0.4651893200653595,0.13081055393939395
1991,Summer,North,4.21,Critical,D,0.245,0.19277777777777777,0.08666666666666667
1991,Summer,SouthCentral,4.21,Critical,D,0.050749999999999997,0.48675,0.14083333333333334
1991,Summer,Suisun Bay,4.21,Critical,D,0.07263315407407407,0.5561317348148148,0.15549992111111113
1991,Fall,Confluence,4.21,Critical,D,0.07835308333333334,0.40555555555555556,0.12222222222222222
1991,Fall,North,4.21,Critical,D,0.4137448888888889,0.111,0.13333333333333333
1991,Fall,SouthCentral,4.21,Critical,D,0.10583333333333333,0.516104875,0.10833333333333334
1991,Fall,Suisun Bay,4.21,Critical,D,0.040730388888888885,0.4205555555555555,0.13111111111111112
1992,Winter,Confluence,4.06,Critical,D,0.17352533708333334,0.47406074204545456,0.11452280117424243
1992,Winter,North,4.06,Critical,D,0.22833333333333333,0.25833333333333336,0.08666666666666667
1992,Winter,SouthCentral,4.06,Critical,D,0.2783333333333333,0.9566666666666667,0.16
1992,Winter,Suisun Bay,4.06,Critical,D,0.1616456124074074,0.5309654111111111,0.11780686814814816
1992,Spring,Confluence,4.06,Critical,D,0.10586530712418302,0.4633923669281046,0.09924920141414141
1992,Spring,North,4.06,Critical,D,0.3461111111111111,0.22333333333333333,0.12000000000000001
1992,Spring,SouthCentral,4.06,Critical,D,0.17979279166666667,0.693192,0.13333333333333333
1992,Spring,Suisun Bay,4.06,Critical,D,0.09515859037037037,0.5011505440740741,0.10697483523809524
1992,Summer,Confluence,4.06,Critical,D,0.043331320599673206,0.4001236471748366,0.11924048445117846
1992,Summer,North,4.06,Critical,D,0.23277777777777778,0.07033333333333333,0.08
1992,Summer,SouthCentral,4.06,Critical,D,0.022751541666666666,0.35583333333333333,0.13333333333333333
1992,Summer,Suisun Bay,4.06,Critical,D,0.034201316064814816,0.46160384699074075,0.15145594022222222
1992,Fall,Confluence,4.06,Critical,D,0.04993623242424242,0.42275330914772724,0.12238438545454546
1992,Fall,North,4.06,Critical,D,0.40611111111111114,0.136,0.11333333333333334
1992,Fall,SouthCentral,4.06,Critical,D,0.09568270833333334,0.6341666666666667,0.09916666666666667
1992,Fall,Suisun Bay,4.06,Critical,D,0.043743915,0.44740394814814816,0.14795565777777778
1993,Winter,Confluence,8.54,Above Normal,N,0.10069260848484848,0.5422089293939394,0.08091900545454545
1993,Winter,North,8.54,Above Normal,N,0.0854425,0.37166666666666665,0.052109166666666665
1993,Winter,SouthCentral,8.54,Above Normal,N,0.39521433333333333,1.1366666666666667,0.21250000000000002
1993,Winter,Suisun Bay,8.54,Above Normal,N,0.10487103444444444,0.5428616427777778,0.08543337111111111
1993,Spring,Confluence,8.54,Above Normal,N,0.05806774252525253,0.2252094096969697,0.04033047797979798
1993,Spring,North,8.54,Above Normal,N,0.11666666666666667,0.18333333333333335,0.035
1993,Spring,SouthCentral,8.54,Above Normal,N,0.10159458333333334,0.713438,0.0925
1993,Spring,Suisun Bay,8.54,Above Normal,N,0.048318149444444444,0.3082852377777778,0.05511575444444444
1993,Summer,Confluence,8.54,Above Normal,N,0.05228405181818182,0.16727328424242424,0.04591021474747475
1993,Summer,North,8.54,Above Normal,N,0.12666666666666668,0.0825,0.03
1993,Summer,SouthCentral,8.54,Above Normal,N,0.03206808333333333,0.2256952083333333,0.06166666666666667
1993,Summer,Suisun Bay,8.54,Above Normal,N,0.04649788055555555,0.24059222277777778,0.07297480222222222
1993,Fall,Confluence,8.54,Above Normal,N,0.10909592323232323,0.2919009502020202,0.0623374296969697
1993,Fall,North,8.54,Above Normal,N,0.29333333333333333,0.15333333333333332,0.06666666666666667
1993,Fall,SouthCentral,8.54,Above Normal,N,0.10112125,0.6058333333333333,0.0525
1993,Fall,Suisun Bay,8.54,Above Normal,N,0.07845144055555556,0.3794460766666667,0.09634027
1994,Winter,Confluence,5.02,Critical,N,0.1727177408080808,0.3655340638383838,0.07039350404040404
1994,Winter,North,5.02,Critical,N,0.30666666666666664,0.23666666666666666,0.06333333333333334
1994,Winter,SouthCentral,5.02,Critical,N,0.3775,0.8675,0.10333333333333333
1994,Winter,Suisun Bay,5.02,Critical,N,0.16648462333333333,0.3939155488888889,0.08906856777777777
1994,Spring,Confluence,5.02,Critical,N,0.13110341787878788,0.45529036565656567,0.0711557595959596
1994,Spring,North,5.02,Critical,N,0.27666666666666667,0.165,0.060000000000000005
1994,Spring,SouthCentral,5.02,Critical,N,0.14527777777777778,0.8327777777777777,0.0925
1994,Spring,Suisun Bay,5.02,Critical,N,0.11764964777777778,0.5321907716666666,0.09411065333333334
1994,Summer,Confluence,5.02,Critical,N,0.06304245849673203,0.35162190529411763,0.0824311587878788
1994,Summer,North,5.02,Critical,N,0.22111111111111112,0.04759066666666667,0.05444444444444444
1994,Summer,SouthCentral,5.02,Critical,N,0.03356633333333334,0.47541666666666665,0.09183333333333334
1994,Summer,Suisun Bay,5.02,Critical,N,0.06522168185185184,0.5290149574074074,0.12358930666666668
1994,Fall,Confluence,5.02,Critical,N,0.1076889604040404,0.334174757979798,0.09119968646464646
1994,Fall,North,5.02,Critical,N,0.32,0.137,0.065
1994,Fall,SouthCentral,5.02,Critical,N,0.08791666666666667,0.4309722222222222,0.07
1994,Fall,Suisun Bay,5.02,Critical,N,0.09157272055555556,0.43347336444444445,0.12123964888888888
1995,Winter,Confluence,12.89,Wet,W,0.09368962122222221,0.44626489922222223,0.06239685666666667
1995,Winter,North,12.89,Wet,W,0.07,0.34,0.04833333333333333
1995,Winter,SouthCentral,12.89,Wet,W,0.24583333333333335,1.0741666666666667,0.1525
1995,Winter,Suisun Bay,12.89,Wet,W,0.10359568444444445,0.39973235055555556,0.07199375222222222
1995,Spring,Confluence,12.89,Wet,W,0.05060746433333334,0.258441852,0.03761533266666667
1995,Spring,North,12.89,Wet,W,0.03666666666666667,0.09,0.014573666666666667
1995,Spring,SouthCentral,12.89,Wet,W,0.1225,0.49833333333333335,0.12916666666666665
1995,Spring,Suisun Bay,12.89,Wet,W,0.05363311055555556,0.2875481707777778,0.04348221733333334
1995,Summer,Confluence,12.89,Wet,W,0.04821452985185185,0.15092713974074073,0.03538281844444445
1995,Summer,North,12.89,Wet,W,0.10333333333333333,0.08833333333333333,0.025
1995,Summer,SouthCentral,12.89,Wet,W,0.049585305555555556,0.35555555555555557,0.05888888888888889
1995,Summer,Suisun Bay,12.89,Wet,W,0.04057028333333333,0.17341377972222222,0.04720522111111111
1995,Fall,Confluence,12.89,Wet,W,0.06905044925925925,0.2373697914814815,0.04897584888888889
1995,Fall,North,12.89,Wet,W,0.2676033333333333,0.16333333333333333,0.06666666666666667
1995,Fall,SouthCentral,12.89,Wet,W,0.11583333333333333,0.4366666666666667,0.05
1995,Fall,Suisun Bay,12.89,Wet,W,0.06084675466666667,0.21402733933333334,0.06362750977777779
1996,Winter,Confluence,10.26,Wet,W,0.08682396333333334,0.4600397205555556,0.05396532111111112
1996,Winter,North,10.26,Wet,W,0.08003716666666667,0.27666666666666667,0.04666666666666667
1996,Winter,SouthCentral,10.26,Wet,W,0.42944444444444446,1.0972222222222223,0.19583333333333333
1996,Winter,Suisun Bay,10.26,Wet,W,0.09352008944444445,0.42401587888888886,0.06155865111111111
1996,Spring,Confluence,10.26,Wet,W,0.05591266888888889,0.27678223611111114,0.03877133555555556
1996,Spring,North,10.26,Wet,W,0.05430483333333333,0.13833333333333334,0.016206166666666667
1996,Spring,SouthCentral,10.26,Wet,W,0.035555555555555556,0.6066666666666667,0.06888888888888889
1996,Spring,Suisun Bay,10.26,Wet,W,0.058702675555555556,0.2892754344444445,0.046654778888888894
1996,Summer,Confluence,10.26,Wet,W,0.045000000000000005,0.16333333333333333,0.041666666666666664
1996,Summer,North,10.26,Wet,W,0.07749216666666667,0.07833333333333332,0.030000000000000002
1996,Summer,SouthCentral,10.26,Wet,W,0.034444444444444444,0.5866666666666667,0.07333333333333333
1996,Summer,Suisun Bay,10.26,Wet,W,0.07,0.29555555555555557,0.07555555555555556
1996,Fall,Confluence,10.26,Wet,W,0.09293038571428572,0.25759949285714284,0.05967370285714286
1996,Fall,North,10.26,Wet,W,0.14491533333333334,0.11166666666666668,0.04166666666666667
1996,Fall,SouthCentral,10.26,Wet,W,0.17333333333333334,0.6577777777777778,0.07
1996,Fall,Suisun Bay,10.26,Wet,W,0.09666416,0.3177405211111111,0.08876622222222222
1997,Winter,Confluence,10.82,Wet,W,0.08886720333333334,0.3897665111111111,0.047842046666666665
1997,Winter,North,10.82,Wet,W,0.04998216666666667,0.17333333333333334,0.013720333333333333
1997,Winter,SouthCentral,10.82,Wet,W,0.18333333333333335,0.8044444444444444,0.13222222222222224
1997,Winter,Suisun Bay,10.82,Wet,W,0.07946105733333333,0.3740730033333333,0.04142899111111111
1997,Spring,Confluence,10.82,Wet,W,0.09455904544444445,0.3996059222222222,0.04596257
1997,Spring,North,10.82,Wet,W,0.1153985,0.16833333333333333,0.02777777777777778
1997,Spring,SouthCentral,10.82,Wet,W,0.04888888888888889,0.8111111111111111,0.061111111111111116
1997,Spring,Suisun Bay,10.82,Wet,W,0.0856464262962963,0.41216335296296297,0.05582145703703704
1997,Summer,Confluence,10.82,Wet,W,0.06200961055555556,0.2897409444444444,0.05761357666666667
1997,Summer,North,10.82,Wet,W,0.12477922222222222,0.08722222222222223,0.035555555555555556
1997,Summer,SouthCentral,10.82,Wet,W,0.06333333333333334,0.7572222222222222,0.09166666666666666
1997,Summer,Suisun Bay,10.82,Wet,W,0.06862931,0.45369569833333334,0.08954817333333334
1997,Fall,Confluence,10.82,Wet,W,0.09035594588888889,0.281631171,0.06539529355555555
1997,Fall,North,10.82,Wet,W,0.22997016666666667,0.12666666666666668,0.04833333333333333
1997,Fall,SouthCentral,10.82,Wet,W,0.13777777777777778,0.7533333333333333,0.08
1997,Fall,Suisun Bay,10.82,Wet,W,0.06730586833333334,0.3239550077777778,0.08518976777777777
1998,Winter,Confluence,13.31,Wet,W,0.08011277555555556,0.4320940844444444,0.05926269111111111
1998,Winter,North,13.31,Wet,W,0.06485666666666666,0.24500000000000002,0.04666666666666667
1998,Winter,SouthCentral,13.31,Wet,W,0.2679946666666667,1.228888888888889,0.18333333333333332
1998,Winter,Suisun Bay,13.31,Wet,W,0.08060866722222222,0.45326578166666665,0.06971009333333333
1998,Spring,Confluence,13.31,Wet,W,0.06040825055555555,0.3140294666666667,0.04242912888888889
1998,Spring,North,13.31,Wet,W,0.05666666666666667,0.16,0.021666666666666667
1998,Spring,SouthCentral,13.31,Wet,W,0.06333333333333332,0.64,0.08166666666666667
1998,Spring,Suisun Bay,13.31,Wet,W,0.053068471666666665,0.3520048433333333,0.044432556666666664
1998,Summer,Confluence,13.31,Wet,W,0.06333333333333334,0.21333333333333335,0.043333333333333335
1998,Summer,North,13.31,Wet,W,0.0979315,0.095,0.028333333333333335
1998,Summer,SouthCentral,13.31,Wet,W,0.05333333333333334,0.39666666666666667,0.07111111111111111
1998,Summer,Suisun Bay,13.31,Wet,W,0.03590888888888889,0.22,0.05333333333333333
1998,Fall,Confluence,13.31,Wet,W,0.08166666666666667,0.2816666666666667,0.041666666666666664
1998,Fall,North,13.31,Wet,W,0.13645233333333334,0.15166666666666667,0.03833333333333334
1998,Fall,SouthCentral,13.31,Wet,W,0.1577777777777778,0.6133333333333334,0.06333333333333334
1998,Fall,Suisun Bay,13.31,Wet,W,0.07944444444444446,0.30277777777777776,0.06888888888888889
1999,Winter,Confluence,9.8,Wet,W,0.1038031395,0.3816608733333333,0.04202025433333333
1999,Winter,North,9.8,Wet,W,0.07690816666666667,0.17666666666666667,0.023333333333333334
1999,Winter,SouthCentral,9.8,Wet,W,0.22833333333333333,1.18,0.07833333333333334
1999,Winter,Suisun Bay,9.8,Wet,W,0.105883432,0.35482904944444443,0.04276278066666667
1999,Spring,Confluence,9.8,Wet,W,0.07881759666666667,0.2300333327777778,0.030502895
1999,Spring,North,9.8,Wet,W,0.07840549999999999,0.12333333333333334,0.021666666666666667
1999,Spring,SouthCentral,9.8,Wet,W,0.08333333333333334,0.6366666666666666,0.04888888888888889
1999,Spring,Suisun Bay,9.8,Wet,W,0.05373811666666667,0.22938854455555557,0.037619099555555556
1999,Summer,Confluence,9.8,Wet,W,0.08227023666666666,0.25436748766666667,0.054934512444444444
1999,Summer,North,9.8,Wet,W,0.14013783333333332,0.07666666666666667,0.04166666666666667
1999,Summer,SouthCentral,9.8,Wet,W,0.05555555555555555,0.6411111111111111,0.05888888888888889
1999,Summer,Suisun Bay,9.8,Wet,W,0.059508805444444444,0.4097987598888889,0.07221568355555555
1999,Fall,Confluence,9.8,Wet,W,0.10365726466666667,0.2854431951111111,0.05976142577777778
1999,Fall,North,9.8,Wet,W,0.17511433333333334,0.09333333333333334,0.045
1999,Fall,SouthCentral,9.8,Wet,W,0.28111111111111114,0.8488888888888889,0.05444444444444444
1999,Fall,Suisun Bay,9.8,Wet,W,0.09199454661111112,0.34610189305555555,0.08230240677777778
2000,Winter,Confluence,8.94,Above Normal,W,0.13112989333333333,0.332517076,0.050917568
2000,Winter,North,8.94,Above Normal,W,0.13320683333333333,0.15666666666666668,0.03833333333333334
2000,Winter,SouthCentral,8.94,Above Normal,W,0.5011111111111111,1.0866666666666667,0.1611111111111111
2000,Winter,Suisun Bay,8.94,Above Normal,W,0.14027860944444445,0.3993075625,0.06576457111111111
2000,Spring,Confluence,8.94,Above Normal,W,0.08423744666666667,0.275417694,0.042938217333333334
2000,Spring,North,8.94,Above Normal,W,0.09634866666666667,0.13833333333333334,0.023333333333333334
2000,Spring,SouthCentral,8.94,Above Normal,W,0.07444444444444444,0.43333333333333335,0.06777777777777778
2000,Spring,Suisun Bay,8.94,Above Normal,W,0.052595611111111114,0.26180728527777775,0.058140453888888895
2000,Summer,Confluence,8.94,Above Normal,W,0.058333333333333334,0.28833333333333333,0.055
2000,Summer,North,8.94,Above Normal,W,0.14229116666666666,0.05736866666666667,0.03333333333333334
2000,Summer,SouthCentral,8.94,Above Normal,W,0.07578611111111111,0.6266666666666667,0.07333333333333333
2000,Summer,Suisun Bay,8.94,Above Normal,W,0.07222222222222222,0.41,0.08666666666666667
2000,Fall,Confluence,8.94,Above Normal,W,0.09333333333333334,0.29333333333333333,0.06166666666666667
2000,Fall,North,8.94,Above Normal,W,0.1208385,0.10166666666666667,0.03666666666666667
2000,Fall,SouthCentral,8.94,Above Normal,W,0.1480318888888889,0.6733333333333333,0.04777777777777778
2000,Fall,Suisun Bay,8.94,Above Normal,W,0.08444444444444443,0.3622222222222222,0.09111111111111111
2001,Winter,Confluence,5.76,Dry,D,0.19645182555555557,0.37358982777777777,0.057711641111111114
2001,Winter,North,5.76,Dry,D,0.1877205,0.18333333333333335,0.04
2001,Winter,SouthCentral,5.76,Dry,D,0.5622222222222222,1.0555555555555556,0.11222222222222222
2001,Winter,Suisun Bay,5.76,Dry,D,0.18117141222222222,0.39091349666666664,0.07469537333333333
2001,Spring,Confluence,5.76,Dry,D,0.11812072166666668,0.43849866555555556,0.05936116888888889
2001,Spring,North,5.76,Dry,D,0.22322016666666666,0.16333333333333333,0.043333333333333335
2001,Spring,SouthCentral,5.76,Dry,D,0.1322222222222222,0.9666666666666667,0.1
2001,Spring,Suisun Bay,5.76,Dry,D,0.10261908333333333,0.6697020555555555,0.06644566
2001,Summer,Confluence,5.76,Dry,D,0.08,0.395,0.07
2001,Summer,North,5.76,Dry,D,0.22360116666666666,0.07229433333333334,0.04166666666666667
2001,Summer,SouthCentral,5.76,Dry,D,0.07555555555555556,0.8011111111111111,0.09555555555555556
2001,Summer,Suisun Bay,5.76,Dry,D,0.08,0.4777777777777778,0.10666666666666667
2001,Fall,Confluence,5.76,Dry,D,0.10500000000000001,0.39499999999999996,0.07166666666666667
2001,Fall,North,5.76,Dry,D,0.325606,0.10166666666666667,0.06166666666666667
2001,Fall,SouthCentral,5.76,Dry,D,0.13555555555555554,0.7933333333333333,0.05
2001,Fall,Suisun Bay,5.76,Dry,D,0.09111111111111111,0.4533333333333333,0.11666666666666667
2002,Winter,Confluence,6.35,Dry,D,0.15000000000000002,0.5266666666666666,0.06166666666666667
2002,Winter,North,6.35,Dry,D,0.12376633333333334,0.32333333333333336,0.035
2002,Winter,SouthCentral,6.35,Dry,D,0.3688888888888889,1.277777777777778,0.16444444444444445
2002,Winter,Suisun Bay,6.35,Dry,D,0.1622222222222222,0.47444444444444445,0.08
2002,Spring,Confluence,6.35,Dry,D,0.10729252666666667,0.3651383833333333,0.04369241555555556
2002,Spring,North,6.35,Dry,D,0.2109295,0.14,0.02666666666666667
2002,Spring,SouthCentral,6.35,Dry,D,0.18764477777777777,0.8455555555555556,0.07445933333333334
2002,Spring,Suisun Bay,6.35,Dry,D,0.09779389166666667,0.4010060411111111,0.06681186111111112
2002,Summer,Confluence,6.35,Dry,D,0.07648924,0.34773101133333334,0.063944188
2002,Summer,North,6.35,Dry,D,0.27301583333333335,0.06282566666666667,0.04715683333333333
2002,Summer,SouthCentral,6.35,Dry,D,0.04217255555555555,0.5822222222222222,0.09222222222222222
2002,Summer,Suisun Bay,6.35,Dry,D,0.061742257777777775,0.4855844372222222,0.09353022
2002,Fall,Confluence,6.35,Dry,D,0.12734449555555555,0.3260763494444444,0.06152437333333333
2002,Fall,North,6.35,Dry,D,0.30102833333333334,0.13532866666666665,0.055
2002,Fall,SouthCentral,6.35,Dry,D,0.2633333333333333,0.8677777777777778,0.07833333333333334
2002,Fall,Suisun Bay,6.35,Dry,D,0.08473152666666667,0.38220136055555554,0.0863030911111111
2003,Winter,Confluence,8.21,Above Normal,N,0.13392361166666666,0.37695121111111113,0.051851458888888896
2003,Winter,North,8.21,Above Normal,N,0.2909285,0.20166666666666666,0.043333333333333335
2003,Winter,SouthCentral,8.21,Above Normal,N,0.52,1.3288888888888888,0.10709155555555555
2003,Winter,Suisun Bay,8.21,Above Normal,N,0.13225389166666665,0.3770940688888889,0.06363360444444445
2003,Spring,Confluence,8.21,Above Normal,N,0.08796007888888889,0.29327382888888887,0.03616798555555555
2003,Spring,North,8.21,Above Normal,N,0.169042,0.13013349999999999,0.0242765
2003,Spring,SouthCentral,8.21,Above Normal,N,0.2271981111111111,0.94,0.07023333333333334
2003,Spring,Suisun Bay,8.21,Above Normal,N,0.07620190833333333,0.29658243500000003,0.04866546333333333
2003,Summer,Confluence,8.21,Above Normal,N,0.06200433166666667,0.1984342061111111,0.05013047444444445
2003,Summer,North,8.21,Above Normal,N,0.1259598888888889,0.06595777777777778,0.03573238888888889
2003,Summer,SouthCentral,8.21,Above Normal,N,0.07111111111111111,0.5188888888888888,0.1
2003,Summer,Suisun Bay,8.21,Above Normal,N,0.05923350388888889,0.2922419438888889,0.07349082888888889
2003,Fall,Confluence,8.21,Above Normal,N,0.10469261444444444,0.3165991111111111,0.059872426666666666
2003,Fall,North,8.21,Above Normal,N,0.39047933333333334,0.12679855555555555,0.07055555555555555
2003,Fall,SouthCentral,8.21,Above Normal,N,0.07555555555555556,0.6477777777777778,0.08222222222222222
2003,Fall,Suisun Bay,8.21,Above Normal,N,0.09193679555555556,0.3587682555555556,0.08453317777777777
2004,Winter,Confluence,7.51,Below Normal,N,0.1467897677777778,0.4015284983333333,0.05202595555555556
2004,Winter,North,7.51,Below Normal,N,0.13522044444444445,0.24465111111111112,0.04111111111111111
2004,Winter,SouthCentral,7.51,Below Normal,N,0.7111111111111111,1.3966666666666665,0.16333333333333333
2004,Winter,Suisun Bay,7.51,Below Normal,N,0.15531069666666666,0.4128077566666667,0.06444478888888888
2004,Spring,Confluence,7.51,Below Normal,N,0.08392000388888889,0.27010196611111115,0.04345413222222222
2004,Spring,North,7.51,Below Normal,N,0.19533388888888892,0.12777777777777777,0.034111111111111106
2004,Spring,SouthCentral,7.51,Below Normal,N,0.13078647222222223,0.8044444444444444,0.07333333333333333
2004,Spring,Suisun Bay,7.51,Below Normal,N,0.07121949222222222,0.29570421555555554,0.052637972222222225
2004,Summer,Confluence,7.51,Below Normal,N,0.065,0.35,0.06333333333333334
2004,Summer,North,7.51,Below Normal,N,0.2224647777777778,0.0937063888888889,0.04388888888888889
2004,Summer,SouthCentral,7.51,Below Normal,N,0.09214991666666666,0.575,0.06583333333333334
2004,Summer,Suisun Bay,7.51,Below Normal,N,0.0788888888888889,0.44,0.09111111111111111
2004,Fall,Confluence,7.51,Below Normal,N,0.12833333333333333,0.37,0.07
2004,Fall,North,7.51,Below Normal,N,0.20025,0.12333333333333334,0.045000000000000005
2004,Fall,SouthCentral,7.51,Below Normal,N,0.16083333333333333,0.7891666666666667,0.07166666666666667
2004,Fall,Suisun Bay,7.51,Below Normal,N,0.10730740083333333,0.35739827416666664,0.08727273944444444
2005,Winter,Confluence,8.49,Above Normal,W,0.16308221555555555,0.5673370908333334,0.06992674444444444
2005,Winter,North,8.49,Above Normal,W,0.09142627777777779,0.2538888888888889,0.03888888888888889
2005,Winter,SouthCentral,8.49,Above Normal,W,0.29,1.135,0.12083333333333333
2005,Winter,Suisun Bay,8.49,Above Normal,W,0.1600611288888889,0.49211699999999997,0.06874417666666667
2005,Spring,Confluence,8.49,Above Normal,W,0.10330567194444444,0.3237847833333334,0.053948251111111116
2005,Spring,North,8.49,Above Normal,W,0.1115093888888889,0.15555555555555556,0.023222222222222224
2005,Spring,SouthCentral,8.49,Above Normal,W,0.08009416666666666,0.5075,0.05583333333333333
2005,Spring,Suisun Bay,8.49,Above Normal,W,0.07174948305555556,0.37224596555555556,0.057453524444444445
2005,Summer,Confluence,8.49,Above Normal,W,0.05965815916666667,0.21627979916666668,0.05088143166666667
2005,Summer,North,8.49,Above Normal,W,0.15923844444444446,0.07500000000000001,0.03388888888888889
2005,Summer,SouthCentral,8.49,Above Normal,W,0.06368258333333333,0.3183333333333333,0.055
2005,Summer,Suisun Bay,8.49,Above Normal,W,0.04666666666666667,0.27444444444444444,0.07
2005,Fall,Confluence,8.49,Above Normal,W,0.10224667222222222,0.34225832333333334,0.06340257777777777
2005,Fall,North,8.49,Above Normal,W,0.17946150000000002,0.11777777777777777,0.04000000000000001
2005,Fall,SouthCentral,8.49,Above Normal,W,0.12306783333333333,0.5775,0.051666666666666666
2005,Fall,Suisun Bay,8.49,Above Normal,W,0.08865724083333333,0.35881105083333337,0.07759992833333333
2006,Winter,Confluence,13.2,Wet,W,0.10181006333333334,0.328286335,0.03926521333333333
2006,Winter,North,13.2,Wet,W,0.07272666666666666,0.21888888888888888,0.024444444444444446
2006,Winter,SouthCentral,13.2,Wet,W,0.3075826666666666,0.83,0.07166666666666667
2006,Winter,Suisun Bay,13.2,Wet,W,0.10466316083333334,0.35582484305555556,0.04970266444444445
2006,Spring,Confluence,13.2,Wet,W,0.046619970833333337,0.18728111583333334,0.04215014166666667
2006,Spring,North,13.2,Wet,W,0.036178555555555554,0.10611111111111111,0.014444444444444444
2006,Spring,SouthCentral,13.2,Wet,W,0.04666666666666667,0.2841666666666667,0.0575
2006,Spring,Suisun Bay,13.2,Wet,W,0.035815821666666664,0.18346922166666668,0.035955238333333334
2006,Summer,Confluence,13.2,Wet,W,0.05932174166666667,0.2335117475,0.04757017833333333
2006,Summer,North,13.2,Wet,W,0.09034233333333333,0.09833333333333334,0.027222222222222224
2006,Summer,SouthCentral,13.2,Wet,W,0.08009908333333333,0.30083333333333334,0.0525
2006,Summer,Suisun Bay,13.2,Wet,W,0.06657203333333334,0.27027499388888887,0.05619106833333333
2006,Fall,Confluence,13.2,Wet,W,0.11182089133333334,0.32487872333333334,0.05237226666666667
2006,Fall,North,13.2,Wet,W,0.1655925,0.155,0.035
2006,Fall,SouthCentral,13.2,Wet,W,0.07916666666666666,0.5141666666666667,0.04583333333333333
2006,Fall,Suisun Bay,13.2,Wet,W,0.08693721333333333,0.37067656583333336,0.06402682666666666
2007,Winter,Confluence,6.19,Dry,D,0.202946774,0.47677065,0.047177508
2007,Winter,North,6.19,Dry,D,0.14319072222222223,0.33111111111111113,0.03166666666666667
2007,Winter,SouthCentral,6.19,Dry,D,0.12670866666666666,1.0625,0.06290175
2007,Winter,Suisun Bay,6.19,Dry,D,0.17275886833333334,0.5193879933333334,0.04800908
2007,Spring,Confluence,6.19,Dry,D,0.10037033866666667,0.42892409200000003,0.046764356
2007,Spring,North,6.19,Dry,D,0.17119777777777778,0.1388888888888889,0.029277777777777778
2007,Spring,SouthCentral,6.19,Dry,D,0.05883583333333334,0.855,0.07
2007,Spring,Suisun Bay,6.19,Dry,D,0.08848451555555556,0.5066027247222222,0.059788772222222224
2007,Summer,Confluence,6.19,Dry,D,0.06348479666666668,0.39514033555555556,0.058864424444444445
2007,Summer,North,6.19,Dry,D,0.14485755555555554,0.09222222222222222,0.034999999999999996
2007,Summer,SouthCentral,6.19,Dry,D,0.060833333333333336,0.5083333333333333,0.060833333333333336
2007,Summer,Suisun Bay,6.19,Dry,D,0.06316780444444445,0.5335364173333333,0.07959701955555555
2007,Fall,Confluence,6.19,Dry,D,0.11095746133333334,0.3746159193333333,0.061298584
2007,Fall,North,6.19,Dry,D,0.23129366666666668,0.15833333333333333,0.05
2007,Fall,SouthCentral,6.19,Dry,D,0.04416666666666667,0.6916666666666667,0.051666666666666666
2007,Fall,Suisun Bay,6.19,Dry,D,0.0975141675,0.46584955666666666,0.09371014
2008,Winter,Confluence,5.16,Critical,D,0.17050923733333334,0.6701800366666667,0.07225712
2008,Winter,North,5.16,Critical,D,0.10206266666666668,0.31222222222222223,0.04111111111111111
2008,Winter,SouthCentral,5.16,Critical,D,0.145,1.4525,0.09999999999999999
2008,Winter,Suisun Bay,5.16,Critical,D,0.17726209694444445,0.6312868683333334,0.06630924166666667
2008,Spring,Confluence,5.16,Critical,D,0.11351374,0.5377063006666667,0.06220997466666667
2008,Spring,North,5.16,Critical,D,0.201877,0.2016666666666667,0.045
2008,Spring,SouthCentral,5.16,Critical,D,0.04091625,0.8916666666666667,0.06333333333333334
2008,Spring,Suisun Bay,5.16,Critical,D,0.08819020222222222,0.5424278566666667,0.06907592777777778
2008,Summer,Confluence,5.16,Critical,D,0.066880096,0.452776652,0.06700070266666668
2008,Summer,North,5.16,Critical,D,0.3115038333333333,0.16826766666666668,0.06833333333333333
2008,Summer,SouthCentral,5.16,Critical,D,0.034166666666666665,0.6791666666666667,0.07416666666666667
2008,Summer,Suisun Bay,5.16,Critical,D,0.056291893333333336,0.5363977483333333,0.08329311166666667
2008,Fall,Confluence,5.16,Critical,D,0.111275286,0.43997692,0.078195544
2008,Fall,North,5.16,Critical,D,0.3433333333333333,0.2445,0.07666666666666666
2008,Fall,SouthCentral,5.16,Critical,D,0.050833333333333335,0.86,0.06833333333333334
2008,Fall,Suisun Bay,5.16,Critical,D,0.09628647,0.4550162291666667,0.08509256833333333
2009,Winter,Confluence,5.78,Dry,D,0.20201603933333334,0.613481978,0.084903592
2009,Winter,North,5.78,Dry,D,0.23222222222222222,0.22766666666666666,0.06233333333333334
2009,Winter,SouthCentral,5.78,Dry,D,0.08091241666666667,1.5483333333333333,0.0675
2009,Winter,Suisun Bay,5.78,Dry,D,0.1922344375,0.616829625,0.08702471166666666
2009,Spring,Confluence,5.78,Dry,D,0.12509585866666667,0.3366135906666667,0.050097772
2009,Spring,North,5.78,Dry,D,0.1820215,0.16716666666666669,0.049999999999999996
2009,Spring,SouthCentral,5.78,Dry,D,0.03333333333333333,0.7966666666666666,0.07166666666666667
2009,Spring,Suisun Bay,5.78,Dry,D,0.07989702666666666,0.45010794,0.07096633
2009,Summer,Confluence,5.78,Dry,D,0.06468399799999999,0.24857057866666668,0.04582054
2009,Summer,North,5.78,Dry,D,0.11621949999999999,0.0804925,0.03066666666666667
2009,Summer,SouthCentral,5.78,Dry,D,0.021666666666666667,0.30916666666666665,0.06166666666666667
2009,Summer,Suisun Bay,5.78,Dry,D,0.0532970625,0.3330177366666667,0.06569349333333334
2009,Fall,Confluence,5.78,Dry,D,0.11030279866666667,0.37042915466666665,0.06436057333333334
2009,Fall,North,5.78,Dry,D,0.2866666666666667,0.17833333333333332,0.05666666666666667
2009,Fall,SouthCentral,5.78,Dry,D,0.03088958333333333,0.5483333333333333,0.05416666666666667
2009,Fall,Suisun Bay,5.78,Dry,D,0.10436550916666668,0.3677571875,0.07791329666666666
2010,Winter,Confluence,7.08,Below Normal,D,0.1775582657142857,0.4588258948095238,0.06469700190476191
2010,Winter,North,7.08,Below Normal,D,0.10764011111111112,0.23,0.042222222222222223
2010,Winter,SouthCentral,7.08,Below Normal,D,0.0875,1.075,0.06833333333333333
2010,Winter,Suisun Bay,7.08,Below Normal,D,0.156757786,0.4439385161666667,0.060710371
2010,Spring,Confluence,7.08,Below Normal,D,0.117842901,0.3545725707777778,0.05427098266666666
2010,Spring,North,7.08,Below Normal,D,0.19793616666666666,0.16666666666666669,0.041666666666666664
2010,Spring,SouthCentral,7.08,Below Normal,D,0.04961558333333334,0.6583333333333333,0.0825
2010,Spring,Suisun Bay,7.08,Below Normal,D,0.07186981972222223,0.4210259052777778,0.06395184500000001
2010,Summer,Confluence,7.08,Below Normal,D,0.05923427466666667,0.21234791038095238,0.04907166704761905
2010,Summer,North,7.08,Below Normal,D,0.13006533333333334,0.095,0.03166666666666667
2010,Summer,SouthCentral,7.08,Below Normal,D,0.029471916666666667,0.37916666666666665,0.0625
2010,Summer,Suisun Bay,7.08,Below Normal,D,0.061142317833333334,0.31429054283333335,0.06768835166666667
2010,Fall,Confluence,7.08,Below Normal,D,0.07489142761904763,0.29991892761904765,0.04857698095238095
2010,Fall,North,7.08,Below Normal,D,0.17166666666666666,0.165,0.035
2010,Fall,SouthCentral,7.08,Below Normal,D,0.030833333333333334,0.7041666666666666,0.059166666666666666
2010,Fall,Suisun Bay,7.08,Below Normal,D,0.08032571527777778,0.3353625288888889,0.07203932833333333
2011,Winter,Confluence,10.54,Wet,N,0.11906618666666667,0.322876689047619,0.04695301047619048
2011,Winter,North,10.54,Wet,N,0.028012333333333334,0.15222222222222223,0.023333333333333334
2011,Winter,SouthCentral,10.54,Wet,N,0.06583333333333333,0.6275,0.051666666666666666
2011,Winter,Suisun Bay,10.54,Wet,N,0.12798148333333334,0.37155783666666664,0.051818115
2011,Spring,Confluence,10.54,Wet,N,0.04649574333333333,0.14210071733333335,0.028327462666666667
2011,Spring,North,10.54,Wet,N,0.042368222222222224,0.09444444444444446,0.017555555555555557
2011,Spring,SouthCentral,10.54,Wet,N,0.035,0.315,0.05583333333333334
2011,Spring,Suisun Bay,10.54,Wet,N,0.05397504166666667,0.19633316,0.03492512166666667
2011,Summer,Confluence,10.54,Wet,N,0.04952842322222222,0.17685645822222223,0.04178611066666667
2011,Summer,North,10.54,Wet,N,0.09193538888888889,0.07777777777777778,0.02467988888888889
2011,Summer,SouthCentral,10.54,Wet,N,0.019313666666666666,0.22666666666666668,0.055
2011,Summer,Suisun Bay,10.54,Wet,N,0.03343360477777778,0.197705176,0.04397901844444445
2011,Fall,Confluence,10.54,Wet,N,0.08486079238095239,0.22954696777777778,0.046631627777777775
2011,Fall,North,10.54,Wet,N,0.18866183333333333,0.12166666666666667,0.03833333333333334
2011,Fall,SouthCentral,10.54,Wet,N,0.03193025,0.41750000000000004,0.051666666666666666
2011,Fall,Suisun Bay,10.54,Wet,N,0.080872515,0.2588794225,0.057393331666666665
2012,Winter,Confluence,6.89,Below Normal,D,0.17841323285714286,0.3958871838095238,0.056380619047619054
2012,Winter,North,6.89,Below Normal,D,0.12450288888888889,0.13555555555555554,0.03222222222222222
2012,Winter,SouthCentral,6.89,Below Normal,D,0.08166666666666667,1.0783333333333334,0.08833333333333333
2012,Winter,Suisun Bay,6.89,Below Normal,D,0.1765870325,0.40296145333333333,0.05387568833333334
2012,Spring,Confluence,6.89,Below Normal,D,0.10121587914285715,0.3872327580952381,0.05136123142857143
2012,Spring,North,6.89,Below Normal,D,0.15788783333333334,0.11166666666666666,0.030000000000000002
2012,Spring,SouthCentral,6.89,Below Normal,D,0.05916666666666667,0.7658333333333334,0.06333333333333334
2012,Spring,Suisun Bay,6.89,Below Normal,D,0.09024153116666667,0.41447737900000003,0.05873551766666667
2012,Summer,Confluence,6.89,Below Normal,D,0.06594573148809524,0.2561837958928571,0.051670065
2012,Summer,North,6.89,Below Normal,D,0.15740500000000002,0.07,0.035
2012,Summer,SouthCentral,6.89,Below Normal,D,0.042529583333333336,0.37083333333333335,0.07583333333333334
2012,Summer,Suisun Bay,6.89,Below Normal,D,0.04857206027777778,0.34265875194444445,0.06446267944444445
2012,Fall,Confluence,6.89,Below Normal,D,0.08349751238095238,0.27161196476190475,0.056625022857142854
2012,Fall,North,6.89,Below Normal,D,0.31001833333333334,0.11333333333333334,0.05
2012,Fall,SouthCentral,6.89,Below Normal,D,0.041666666666666664,0.5541666666666667,0.1
2012,Fall,Suisun Bay,6.89,Below Normal,D,0.0847381975,0.365809965,0.08092590166666666
2013,Winter,Confluence,5.83,Dry,D,0.1487578840952381,0.45469953561904763,0.05762379657142857
2013,Winter,North,5.83,Dry,D,0.09572611111111111,0.24,0.035555555555555556
2013,Winter,SouthCentral,5.83,Dry,D,0.12416666666666668,1.1925,0.10916666666666668
2013,Winter,Suisun Bay,5.83,Dry,D,0.14567056345238094,0.43287202702380956,0.05778855595238095
2013,Spring,Confluence,5.83,Dry,D,0.08659191952380953,0.39442897047619047,0.06112657523809524
2013,Spring,North,5.83,Dry,D,0.1931003888888889,0.16333333333333333,0.04111111111111111
2013,Spring,SouthCentral,5.83,Dry,D,0.04861,0.7558333333333334,0.08833333333333333
2013,Spring,Suisun Bay,5.83,Dry,D,0.08466524583333333,0.45934479194444444,0.07550051055555557
2013,Summer,Confluence,5.83,Dry,D,0.05656131047619048,0.33015666809523814,0.06997506095238096
2013,Summer,North,5.83,Dry,D,0.1073838888888889,0.08630572222222223,0.04055555555555556
2013,Summer,SouthCentral,5.83,Dry,D,0.023587333333333335,0.385,0.11083333333333334
2013,Summer,Suisun Bay,5.83,Dry,D,0.05575704333333333,0.4429225547222222,0.09225449444444445
2013,Fall,Confluence,5.83,Dry,D,0.10077728095238096,0.3594656438095238,0.07351091809523809
2013,Fall,North,5.83,Dry,D,0.31166666666666665,0.16166666666666668,0.060000000000000005
2013,Fall,SouthCentral,5.83,Dry,D,0.035833333333333335,0.4775111666666667,0.11583333333333333
2013,Fall,Suisun Bay,5.83,Dry,D,0.09693054250000001,0.4308516475,0.09586329
2014,Winter,Confluence,4.07,Critical,D,0.22397529666666666,0.5797147933333333,0.07564539333333334
2014,Winter,North,4.07,Critical,D,0.2456711388888889,0.19055555555555556,0.051111111111111114
2014,Winter,SouthCentral,4.07,Critical,D,0.1075,1.3333333333333333,0.11333333333333334
2014,Winter,Suisun Bay,4.07,Critical,D,0.18393737500000001,0.5487672658333334,0.07184403
2014,Spring,Confluence,4.07,Critical,D,0.13460478750000002,0.649090281547619,0.08822917380952382
2014,Spring,North,4.07,Critical,D,0.21795255555555554,0.1731726388888889,0.049444444444444444
2014,Spring,SouthCentral,4.07,Critical,D,0.05630952380952381,1.1154761904761905,0.11452380952380953
2014,Spring,Suisun Bay,4.07,Critical,D,0.113763125,0.6830898333333333,0.08848861666666667
2014,Summer,Confluence,4.07,Critical,D,0.054622858055555557,0.42142951439814813,0.08965774851851852
2014,Summer,North,4.07,Critical,D,0.20944444444444443,0.10811588888888889,0.045
2014,Summer,SouthCentral,4.07,Critical,D,0.018795276515151515,0.2413636363636364,0.09276515151515152
2014,Summer,Suisun Bay,4.07,Critical,D,0.04209020916666667,0.5458774875,0.10837075333333335
2014,Fall,Confluence,4.07,Critical,D,0.08504452500000001,0.4201828992592593,0.10524156842592593
2014,Fall,North,4.07,Critical,D,0.515,0.295,0.09666666666666666
2014,Fall,SouthCentral,4.07,Critical,D,0.03985492045454545,0.3435984848484848,0.10568181818181818
2014,Fall,Suisun Bay,4.07,Critical,D,0.052496661666666666,0.455003725,0.1336071
2015,Winter,Confluence,4,Critical,D,0.18587616152777778,0.6083351126851851,0.07644126490740741
2015,Winter,North,4,Critical,D,0.07727144444444445,0.3269444444444444,0.0475
2015,Winter,SouthCentral,4,Critical,D,0.13115740740740742,1.1255555555555556,0.1162962962962963
2015,Winter,Suisun Bay,4,Critical,D,0.17291228,0.5355022983333333,0.07751513333333333
2015,Spring,Confluence,4,Critical,D,0.11347533643518519,0.5007836539814815,0.07959887490740741
2015,Spring,North,4,Critical,D,0.2427777777777778,0.1492331111111111,0.050472222222222224
2015,Spring,SouthCentral,4,Critical,D,0.054888819444444445,0.5680842222222222,0.08578703703703704
2015,Spring,Suisun Bay,4,Critical,D,0.09766799500000001,0.4966753875,0.08537286833333334
2015,Summer,Confluence,4,Critical,D,0.045809948055555556,0.42477867694444443,0.08725291157407408
2015,Summer,North,4,Critical,D,0.09944444444444445,0.08416261111111112,0.034444444444444444
2015,Summer,SouthCentral,4,Critical,D,0.030500000000000003,0.29810945833333335,0.1025
2015,Summer,Suisun Bay,4,Critical,D,0.04552079111111111,0.48951029194444445,0.10125772166666668
2015,Fall,Confluence,4,Critical,D,0.05791532810185185,0.45759642046296295,0.09437574316137566
2015,Fall,North,4,Critical,D,0.2999813333333333,0.18482994444444445,0.05555555555555556
2015,Fall,SouthCentral,4,Critical,D,0.036588677248677245,0.39889054166666665,0.10868386243386242
2015,Fall,Suisun Bay,4,Critical,D,0.028496609444444446,0.463827315,0.09759367444444444
2016,Winter,Confluence,6.71,Below Normal,D,0.15618259180555558,0.5548275169444444,0.05934522222222223
2016,Winter,North,6.71,Below Normal,D,0.12147083333333333,0.3205555555555556,0.03666666666666667
2016,Winter,SouthCentral,6.71,Below Normal,D,0.10563095238095238,0.7772380952380952,0.06433333333333334
2016,Winter,Suisun Bay,6.71,Below Normal,D,0.14280917505555557,0.524611756611111,0.07167126866666668
2016,Spring,Confluence,6.71,Below Normal,D,0.0861810113888889,0.26021342194444447,0.047635484444444445
2016,Spring,North,6.71,Below Normal,D,0.12389077777777778,0.12264277777777778,0.03111111111111111
2016,Spring,SouthCentral,6.71,Below Normal,D,0.05587500925925926,0.4019033518518519,0.06652777777777778
2016,Spring,Suisun Bay,6.71,Below Normal,D,0.09878396916666667,0.31346018472222226,0.05534809388888889
2016,Summer,Confluence,6.71,Below Normal,D,0.05989224696428572,0.22381106785714286,0.05415778511904762
2016,Summer,North,6.71,Below Normal,D,0.13088955555555556,0.04445466666666667,0.031111111111111114
2016,Summer,SouthCentral,6.71,Below Normal,D,0.032487583333333334,0.18583333333333335,0.06833333333333333
2016,Summer,Suisun Bay,6.71,Below Normal,D,0.05397809888888889,0.29277610277777777,0.071574615
2016,Fall,Confluence,6.71,Below Normal,D,0.12079202887566137,0.38643748511904763,0.08259183694444444
2016,Fall,North,6.71,Below Normal,D,0.21333694444444445,0.1837777777777778,0.06366666666666666
2016,Fall,SouthCentral,6.71,Below Normal,D,0.0475,0.4708333333333333,0.12083333333333333
2016,Fall,Suisun Bay,6.71,Below Normal,D,0.08850799916666667,0.41192135333333335,0.09950999166666666
2017,Winter,Confluence,14.14,Wet,N,0.12340541925925927,0.3654451925925926,0.07019746740740741
2017,Winter,North,14.14,Wet,N,0.12035177777777778,0.17688888888888887,0.04122222222222222
2017,Winter,SouthCentral,14.14,Wet,N,0.08916666666666667,0.775,0.11666666666666667
2017,Winter,Suisun Bay,14.14,Wet,N,0.11383316,0.4120109791666667,0.07162271333333334
2017,Spring,Confluence,14.14,Wet,N,0.05388652375,0.18321159791666666,0.04599203833333333
2017,Spring,North,14.14,Wet,N,0.038178750000000004,0.11273108333333333,0.02525
2017,Spring,SouthCentral,14.14,Wet,N,0.034166666666666665,0.355,0.08916666666666666
2017,Spring,Suisun Bay,14.14,Wet,N,0.05414215266666667,0.22406035733333332,0.05120216
2017,Summer,Confluence,14.14,Wet,N,0.07926832566666667,0.23427377726455026,0.05139516981481482
2017,Summer,North,14.14,Wet,N,0.14051327777777778,0.07325066666666667,0.035611111111111114
2017,Summer,SouthCentral,14.14,Wet,N,0.03024466666666667,0.1838888888888889,0.07833333333333334
2017,Summer,Suisun Bay,14.14,Wet,N,0.06087001533333334,0.23452166533333332,0.06674065933333333
2017,Fall,Confluence,14.14,Wet,N,0.1150983168888889,0.3018097726296296,0.06644741955555555
2017,Fall,North,14.14,Wet,N,0.20666966666666667,0.09479122222222222,0.04605555555555556
2017,Fall,SouthCentral,14.14,Wet,N,0.04583333333333333,0.5458333333333334,0.09166666666666667
2017,Fall,Suisun Bay,14.14,Wet,N,0.10849007166666667,0.3515811875,0.08181448666666666
2018,Winter,Confluence,7.14,Below Normal,N,0.187465717,0.45567447266666666,0.068925155333333335
2018,Winter,North,7.14,Below Normal,N,0.13612811111111112,0.15547222222222223,0.042222222222222223
2018,Winter,SouthCentral,7.14,Below Normal,N,0.075,0.9066666666666666,0.10666666666666667
2018,Winter,Suisun Bay,7.14,Below Normal,N,0.1748361575,0.49166455249999996,0.078978935
2018,Spring,Confluence,7.14,Below Normal,N,0.13957342155555555,0.32962808237037033,0.06270326481481482
2018,Spring,North,7.14,Below Normal,N,0.13629491666666668,0.10561111111111111,0.035972222222222225
2018,Spring,SouthCentral,7.14,Below Normal,N,0.044500333333333336,0.5341666666666667,0.08916666666666667
2018,Spring,Suisun Bay,7.14,Below Normal,N,0.08929867194444445,0.3634996475,0.06870357611111111
2018,Summer,Confluence,7.14,Below Normal,N,0.08795920566666666,0.2969884913333333,0.07688387733333334
2018,Summer,North,7.14,Below Normal,N,0.16249977777777777,0.0560545,0.04466666666666667
2018,Summer,SouthCentral,7.14,Below Normal,N,0.03183333333333333,0.31555808333333335,0.10300000000000001
2018,Summer,Suisun Bay,7.14,Below Normal,N,0.057422040833333333,0.4227519316666667,0.09823639833333334
2018,Fall,Confluence,7.14,Below Normal,N,0.11888639228571429,0.344896918,0.08656978904761906
2018,Fall,North,7.14,Below Normal,N,0.5244444444444445,0.10330822222222222,0.0806111111111111
2018,Fall,SouthCentral,7.14,Below Normal,N,0.05625,0.7740833333333333,0.12585041666666666
2018,Fall,Suisun Bay,7.14,Below Normal,N,0.10082540916666667,0.35652888944444444,0.09435920277777778
2019,Winter,Confluence,10.34,Wet,N,0.1688498790595238,0.4901430993888889,0.07785800509523809
2019,Winter,North,10.34,Wet,N,0.1189175,0.33949999999999997,0.06183333333333334
2019,Winter,SouthCentral,10.34,Wet,N,0.12375,1.1499166666666667,0.13716666666666666
2019,Winter,Suisun Bay,10.34,Wet,N,0.1481123152777778,0.47094430277777777,0.08117746055555555
2019,Spring,Confluence,10.34,Wet,N,0.061632911666666665,0.17316759208333332,0.042291425
2019,Spring,North,10.34,Wet,N,0.04632936111111111,0.1321388888888889,0.025198277777777778
2019,Spring,SouthCentral,10.34,Wet,N,0.027340916666666666,0.3837514166666667,0.07403141666666667
2019,Spring,Suisun Bay,10.34,Wet,N,0.05655116666666667,0.21616298944444445,0.05542179
2019,Summer,Confluence,10.34,Wet,N,0.06741608458333334,0.1789989863888889,0.05860601412962963
2019,Summer,North,10.34,Wet,N,0.0731043888888889,0.07247302777777778,0.0317955
2019,Summer,SouthCentral,10.34,Wet,N,0.024893583333333334,0.191092,0.0795
2019,Summer,Suisun Bay,10.34,Wet,N,0.03207919577777778,0.2054552066111111,0.06515129577777778
2019,Fall,Confluence,10.34,Wet,N,0.1270224201388889,0.26492845485714284,0.07164178222222223
2019,Fall,North,10.34,Wet,N,0.29947416666666665,0.08192133333333333,0.05010041666666667
2019,Fall,SouthCentral,10.34,Wet,N,0.01842275,0.3215,0.07358333333333333
2019,Fall,Suisun Bay,10.34,Wet,N,0.09422912800000001,0.23042561355555558,0.07634877844444445
2020,Winter,Confluence,6.12,Dry,D,0.21089331885714288,0.38855150685714285,0.06294780314285714
2020,Winter,North,6.12,Dry,D,0.14491877777777779,0.221,0.043333333333333335
2020,Winter,SouthCentral,6.12,Dry,D,0.14,1.0316666666666667,0.10541666666666667
2020,Winter,Suisun Bay,6.12,Dry,D,0.2002178788888889,0.3622866197222222,0.06799995444444444
2020,Spring,Confluence,6.12,Dry,D,0.18714285714285714,0.3504285714285714,0.06985714285714285
2020,Spring,North,6.12,Dry,D,0.188737,0.10550000000000001,0.04
2020,Spring,SouthCentral,6.12,Dry,D,0.11,0.745,0.0655
2020,Spring,Suisun Bay,6.12,Dry,D,0.23333333333333334,0.4066666666666667,0.077
2020,Summer,Confluence,6.12,Dry,D,0.044523238095238095,0.2505952380952381,0.07395353174603174
2020,Summer,North,6.12,Dry,D,0.20969125,0.048126833333333334,0.042083333333333334
2020,Summer,SouthCentral,6.12,Dry,D,0.0243915,0.3062114166666667,0.10241666666666667
2020,Summer,Suisun Bay,6.12,Dry,D,0.03698166666666667,0.3227777777777778,0.09233333333333334
2020,Fall,Confluence,6.12,Dry,D,0.06128971428571429,0.2670476190476191,0.08219047619047619
2020,Fall,North,6.12,Dry,D,0.17309466666666667,0.07933358333333333,0.059750000000000004
2020,Fall,SouthCentral,6.12,Dry,D,0.030178416666666666,0.70277925,0.1425
2020,Fall,Suisun Bay,6.12,Dry,D,0.083,0.296,0.09811111111111111
2021,Winter,Confluence,3.8,Critical,D,NA,NA,NA
2021,Winter,North,3.8,Critical,D,0.07224083333333334,0.14327777777777778,0.042833333333333334
2021,Winter,SouthCentral,3.8,Critical,D,0.0201285,0.325,0.055999999999999994
2021,Winter,Suisun Bay,3.8,Critical,D,NA,NA,NA
2021,Spring,Confluence,3.8,Critical,D,0.08071238095238095,0.4418511904761905,0.0862797619047619
2021,Spring,North,3.8,Critical,D,0.06922025,0.0913175,0.04691666666666666
2021,Spring,SouthCentral,3.8,Critical,D,0.06358317857142858,0.9779078095238095,0.13640476190476192
2021,Spring,Suisun Bay,3.8,Critical,D,0.11066666666666668,0.4707777777777778,0.092
2021,Summer,Confluence,3.8,Critical,D,0.027138166666666665,0.158790375,0.083875
2021,Summer,North,3.8,Critical,D,0.021314,0.09671666666666667,0.047537666666666666
2021,Summer,SouthCentral,3.8,Critical,D,0.029533666666666666,0.23672590476190475,0.11557142857142857
2021,Summer,Suisun Bay,3.8,Critical,D,0.050326777777777776,0.292,0.10155555555555555
2021,Fall,Confluence,3.8,Critical,D,0.05312907363636364,0.2864261418181818,0.07529748424242425
2021,Fall,North,3.8,Critical,D,0.03292755555555555,0.2523158888888889,0.02675366666666667
2021,Fall,SouthCentral,3.8,Critical,D,0.04750861904761905,0.48325,0.1179725238095238
2021,Fall,Suisun Bay,3.8,Critical,D,0.08907874166666667,0.25282760666666665,0.09404240666666666
