Year,Mo,Date,SAC,YOLO,CSMR,MOKE,MISC,SJR,EAST,TOT,CCC,SWP,CVP,NBAQ,EXPORTS,GCD,PREC,MISDV,CD,XGEO,WEST,RIO,OUT,EXPIN,DIVER,EFFEC,EFFDIV,X2
2020,10,2020-10-01,10500,40,12,102,97,526,737,11276,196,794,3835,75,4899,2106,0,0,2106,5610,79,4340,4271,0.41,62,10750,60,88.35
2020,10,2020-10-02,10300,39,11,109,124,512,756,11094,196,897,4307,101,5502,2064,0,0,2064,5620,-468,4141,3529,0.47,68,10582,67,88.37
2020,10,2020-10-03,10100,42,10,107,135,505,758,10899,190,695,4303,98,5286,2021,0,0,2021,5510,-332,4066,3592,0.46,67,10394,65,88.38
2020,10,2020-10-04,9880,42,10,107,100,638,855,10778,187,689,4298,95,5269,2027,0,0,2027,5340,-391,4015,3482,0.46,68,10140,66,88.42
2020,10,2020-10-05,9790,34,10,107,49,691,857,10681,152,690,4291,81,5214,1979,0,0,1979,5230,-414,4040,3488,0.46,67,9990,65,88.45
2020,10,2020-10-06,9500,33,10,129,25,666,831,10364,148,295,4288,72,4804,1969,0,0,1969,5170,-83,3811,3591,0.44,65,9698,63,88.46
2020,10,2020-10-07,9110,34,10,371,25,653,1060,10203,152,290,3421,87,3949,1921,0,0,1921,4970,831,3636,4333,0.36,58,9550,55,88.34
2020,10,2020-10-08,9220,34,10,278,25,635,949,10203,153,792,3408,75,4426,1918,0,0,1918,4790,66,3927,3858,0.41,62,9568,60,88.31
2020,10,2020-10-09,9140,34,11,112,26,656,805,9979,156,290,3414,86,3946,1920,0,0,1920,4620,231,4017,4113,0.37,59,9323,56,88.24
2020,10,2020-10-10,8980,35,11,111,26,725,873,9888,157,288,3262,90,3797,1878,0,0,1878,4620,475,3869,4213,0.36,57,9163,54,88.16
2020,10,2020-10-11,9160,35,12,111,26,769,919,10114,153,290,3423,103,3968,1882,0,0,1882,4680,407,3988,4263,0.37,58,9345,54,88.07
2020,10,2020-10-12,8740,35,12,120,27,824,983,9758,143,300,3409,84,3936,1883,0,0,1883,4680,503,3567,3939,0.38,60,8934,56,88.04
2020,10,2020-10-13,8470,33,13,428,28,739,1208,9712,146,697,3408,82,4334,1869,0,0,1869,3950,-390,4030,3509,0.42,64,8973,61,88.09
2020,10,2020-10-14,8760,33,13,344,33,705,1095,9888,151,290,3407,81,3928,1821,0,0,1821,2761,-1256,5522,4139,0.37,58,9183,55,88.02
2020,10,2020-10-15,8690,33,13,217,48,742,1020,9744,156,293,3403,76,3928,1817,0,0,1817,2590.19,-1499,5624,3999,0.38,59,9002,56,87.99
2020,10,2020-10-16,8430,34,13,126,78,919,1136,9600,156,296,3409,83,3944,1815,0,0,1815,2764,-1224,5192,3841,0.38,60,8681,56,87.98
2020,10,2020-10-17,8310,35,13,114,84,1270,1481,9826,149,285,3405,87,3926,1804,0,0,1804,3900,282,3940,4096,0.37,58,8556,52,87.93
2020,10,2020-10-18,8200,35,14,116,66,1980,2175,10410,153,286,3406,82,3927,1763,0,0,1763,4620,1723,3122,4721,0.35,55,8430,44,87.79
2020,10,2020-10-19,8090,34,14,149,64,2130,2358,10482,157,297,3456,85,3995,1775,0,0,1775,4420,1630,3207,4713,0.36,55,8352,44,87.66
2020,10,2020-10-20,7790,33,14,363,62,1780,2219,10042,162,295,3439,70,3966,1765,0,0,1765,3510,616,3819,4311,0.37,57,8262,48,87.59
2020,10,2020-10-21,7720,33,14,277,56,1370,1717,9471,161,289,2725,78,3253,1760,0,0,1760,2438,-242,4822,4458,0.31,53,8101,45,87.51
2020,10,2020-10-22,7820,37,14,127,63,1170,1374,9232,149,295,2716,82,3243,1762,0,0,1762,2190.45,-824,5174,4227,0.32,54,8062,48,87.46
2020,10,2020-10-23,7680,39,15,114,71,1180,1380,9099,147,295,2708,71,3221,1726,0,0,1726,2449,-513,4787,4153,0.33,54,7919,48,87.43
2020,10,2020-10-24,7540,34,14,114,66,1510,1705,9279,150,300,2708,79,3237,1722,0,0,1722,3630,978,3462,4319,0.32,53,7769,44,87.38
2020,10,2020-10-25,8120,32,15,115,58,2180,2368,10521,144,294,2700,75,3214,1727,0,0,1727,3990,2022,3679,5579,0.28,47,8341,33,87.16
2020,10,2020-10-26,8150,31,16,112,63,2200,2391,10572,147,294,1910,51,2402,1731,0,0,1731,3590,2454,4106,6439,0.21,39,8372,23,86.86
2020,10,2020-10-27,7460,30,17,107,60,1820,2003,9494,146,995,1871,34,3046,1727,0,0,1727,3380,1214,3627,4720,0.3,50,7674,38,86.78
2020,10,2020-10-28,7470,30,17,140,57,1420,1634,9134,147,993,1870,51,3062,1717,0,0,1717,2940,396,4080,4355,0.31,52,7714,44,86.76
2020,10,2020-10-29,7640,30,18,364,60,1340,1781,9451,152,692,1867,66,2778,1664,0,0,1664,2429,351,4775,5009,0.27,47,8111,38,86.64
2020,10,2020-10-30,7680,35,18,280,60,1700,2057,9772,146,490,1867,95,2598,1653,0,0,1653,2508,893,4744,5521,0.24,44,8072,32,86.47
2020,10,2020-10-31,7830,37,18,204,60,1930,2212,10078,147,999,1862,110,3118,1662,0,0,1662,3510,1523,3891,5298,0.28,47,8148,35,86.34
2020,11,2020-11-01,7700,37,18,190,60,2270,2538,10274,159,473,1942,96,2669,1681,0,0,1681,4060,2836,3206,5924,0.23,42,8004,26,86.14
2020,11,2020-11-02,7280,37,17,141,60,2020,2238,9555,154,0,1869,98,2122,1686,0,0,1686,3070,2091,3775,5747,0.19,40,7535,24,85.97
2020,11,2020-11-03,7340,41,18,262,57,1570,1907,9288,145,0,1850,106,2101,1686,0,0,1686,2285.2,995,4624,5501,0.2,41,7718,29,85.84
2020,11,2020-11-04,7800,44,18,119,54,1240,1431,9275,146,0,1803,106,2056,1700,0,0,1700,2250.09,520,5118,5519,0.19,40,8035,31,85.72
2020,11,2020-11-05,7730,44,17,118,60,1130,1325,9099,146,488,1801,109,2545,1700,0,0,1700,2356,31,4942,4854,0.25,47,7969,39,85.68
2020,11,2020-11-06,7650,44,16,263,60,1050,1388,9082,148,490,1802,108,2548,1644,0,0,1644,3140,912,4093,4890,0.25,46,8032,39,85.64
2020,11,2020-11-07,8110,44,16,118,60,1030,1224,9378,176,486,1802,104,2568,1688,0,0,1688,3860,1418,3821,5121,0.24,45,8348,39,85.58
2020,11,2020-11-08,8350,44,16,123,59,1030,1228,9622,176,499,970,103,1747,1641,0,0,1641,3690,2104,4245,6234,0.15,35,8592,27,85.39
2020,11,2020-11-09,8040,45,18,283,55,1020,1376,9461,156,493,963,102,1714,1632,0,0,1632,2902,1503,4726,6115,0.15,35,8441,28,85.22
2020,11,2020-11-10,7640,83,18,125,55,996,1195,8918,149,491,961,87,1687,1626,0,0,1626,2421.5,872,4846,5605,0.16,37,7922,29,85.12
2020,11,2020-11-11,7720,110,23,165,57,975,1219,9049,153,1497,962,96,2709,1629,0,0,1629,2460.02,-89,4913,4711,0.27,48,8074,42,85.14
2020,11,2020-11-12,7800,111,23,194,64,955,1235,9147,139,1493,965,96,2694,1629,0,0,1629,2664,147,4791,4824,0.27,47,8192,41,85.14
2020,11,2020-11-13,7940,113,23,199,60,932,1214,9267,123,1486,1826,91,3526,1624,229,0,1395,3790,571,3872,4345,0.35,53,8335,48,85.2
2020,11,2020-11-14,8140,114,25,200,55,920,1200,9454,107,992,1839,82,3021,1639,229,0,1410,4490,1753,3369,5023,0.3,47,8534,41,85.17
2020,11,2020-11-15,8150,116,31,198,57,930,1216,9482,102,988,1838,90,3017,1694,229,0,1464,4420,1668,3436,5001,0.3,47,8552,42,85.15
2020,11,2020-11-16,8090,100,36,201,62,928,1227,9417,85,992,1838,90,3005,1692,229,0,1463,3480,752,4300,4949,0.3,47,8489,42,85.13
2020,11,2020-11-17,8150,71,33,206,60,892,1191,9412,77,1493,1847,89,3505,1694,916,0,778,2672.3,-148,5330,5128,0.35,46,8520,40,85.09
2020,11,2020-11-18,9070,75,39,224,57,891,1211,10356,74,1996,1844,84,3998,1694,687,0,1006,2710,-732,6153,5351,0.37,48,9465,43,85.03
2020,11,2020-11-19,9650,79,70,201,60,887,1218,10946,80,1991,1837,85,3992,1694,687,0,1008,2750,-680,6697,5947,0.35,46,10060,41,84.9
2020,11,2020-11-20,9520,82,85,205,60,863,1212,10814,84,1991,1835,79,3989,1746,687,0,1058,2680,-784,6625,5767,0.35,47,9951,42,84.8
2020,11,2020-11-21,9420,84,57,201,60,881,1198,10703,79,1995,1833,80,3987,1745,687,0,1058,2610,-866,6598,5658,0.36,47,9822,42,84.71
2020,11,2020-11-22,9310,86,43,200,60,919,1221,10617,75,2493,1831,75,4474,1746,0,0,1746,2580,-1807,6327,4398,0.41,59,9698,55,84.8
2020,11,2020-11-23,9150,87,36,203,60,916,1214,10452,68,2995,971,71,4104,1744,0,0,1744,2590.06,-1433,6159,4604,0.38,56,9536,52,84.85
2020,11,2020-11-24,9060,88,33,204,57,885,1179,10326,71,2994,979,80,4124,1744,0,0,1744,2815,-1265,5844,4457,0.38,57,9441,53,84.91
2020,11,2020-11-25,9470,86,32,207,53,883,1175,10730,73,2995,989,91,4148,1796,0,0,1796,4080,-60,4973,4787,0.37,55,9847,51,84.93
2020,11,2020-11-26,9600,78,30,199,51,911,1191,10869,73,2995,987,75,4130,1794,0,0,1794,4700,595,4476,4945,0.37,55,9958,50,84.93
2020,11,2020-11-27,9110,78,29,204,39,933,1206,10393,61,2994,987,85,4127,1846,0,0,1846,4740,619,3931,4420,0.38,57,9460,53,85
2020,11,2020-11-28,9050,77,29,205,26,942,1202,10329,90,2989,980,80,4139,1894,0,0,1894,4880,712,3717,4296,0.38,58,9387,54,85.08
2020,11,2020-11-29,8860,76,30,206,26,935,1197,10133,97,2996,970,85,4148,1896,0,0,1896,4810,627,3595,4089,0.39,60,9198,56,85.19
2020,11,2020-11-30,8730,75,30,209,26,908,1173,9978,109,2999,969,92,4169,1945,0,0,1945,4570,309,3691,3864,0.4,61,9070,57,85.33
2020,12,2020-12-01,8580,76,30,205,26,854,1115,9771,112,2492,968,88,3661,1994,0,0,1994,3480,-362,4617,4116,0.35,58,8917,54,85.42
2020,12,2020-12-02,8580,79,29,204,26,823,1082,9741,118,1992,970,79,3158,1995,0,0,1995,2594.2,-778,5506,4588,0.3,53,8918,49,85.44
2020,12,2020-12-03,8600,80,28,208,26,801,1064,9744,125,1987,970,77,3158,1995,0,0,1995,2530,-861,5592,4591,0.3,53,8943,49,85.45
2020,12,2020-12-04,8470,81,29,208,27,796,1060,9611,120,1787,834,89,2830,2046,0,0,2046,2470,-630,5508,4734,0.27,51,8815,46,85.45
2020,12,2020-12-05,8370,71,29,205,26,815,1075,9516,99,1597,834,82,2611,2094,0,0,2094,2410,-487,5444,4810,0.25,49,8701,45,85.43
2020,12,2020-12-06,8400,64,28,202,27,832,1089,9553,99,1396,833,87,2414,2094,0,0,2094,2400,-286,5478,5045,0.23,47,8721,42,85.39
2020,12,2020-12-07,8280,62,29,209,26,822,1086,9429,93,1090,824,84,2090,2140,0,0,2140,2350,-45,5393,5198,0.2,45,8607,40,85.33
2020,12,2020-12-08,7920,62,29,202,26,784,1042,9024,86,799,832,90,1807,2144,0,0,2144,2340,181,5042,5073,0.18,44,8240,38,85.28
2020,12,2020-12-09,7910,62,29,220,25,779,1053,9025,85,786,827,87,1786,2145,0,0,2145,2430,303,4941,5094,0.18,44,8246,38,85.24
2020,12,2020-12-10,7840,62,29,261,23,759,1071,8973,68,797,829,89,1784,2195,0,0,2195,2470,331,4817,4994,0.18,44,8214,39,85.21
2020,12,2020-12-11,8020,62,29,201,22,768,1020,9102,42,799,825,90,1755,2194,1834,0,360,2500,1530,5481,6986,0.18,23,8334,16,84.97
2020,12,2020-12-12,8130,62,33,214,23,816,1085,9277,49,797,830,90,1766,2196,2292,0,-96,2480,1862,5738,7607,0.17,18,8461,10,84.69
2020,12,2020-12-13,8250,61,38,244,23,924,1229,9540,44,794,830,92,1759,2194,7336,0,-5142,2500,5311,7251,12922,0.17,-35,9940,-30,84.07
2020,12,2020-12-14,8990,61,52,199,22,1010,1283,10334,36,798,831,78,1743,2196,7336,0,-5140,2660,5542,7830,13732,0.16,-33,10750,-28,83.46
2020,12,2020-12-15,9380,62,71,200,22,976,1269,10711,38,794,834,68,1733,2194,7336,0,-5142,2730,5608,8152,14119,0.15,-32,11137,-27,82.86
2020,12,2020-12-16,9340,60,60,200,24,937,1220,10621,37,797,838,59,1730,2196,5502,0,-3306,2730,4369,7596,12196,0.15,-15,10508,-16,82.38
2020,12,2020-12-17,9580,66,51,207,24,942,1224,10870,39,796,835,69,1738,2196,6649,0,-4452,2760,5140,8132,13584,0.15,-25,11002,-23,81.87
2020,12,2020-12-18,10100,64,54,196,25,990,1265,11429,37,997,837,66,1937,2146,1605,0,541,2750,1726,7262,8951,0.16,22,10439,14,81.65
2020,12,2020-12-19,10200,62,64,201,25,1000,1290,11552,37,994,822,58,1911,2144,1605,0,538,2710,1738,7401,9102,0.16,21,10552,14,81.43
2020,12,2020-12-20,9960,62,51,197,24,1000,1272,11294,37,990,827,68,1922,2148,1605,0,544,2640,1637,7230,8829,0.16,22,10294,14,81.24
2020,12,2020-12-21,9690,62,44,199,24,1010,1277,11029,46,1498,829,67,2441,2094,1834,0,260,2590,1257,7089,8328,0.21,24,10019,17,81.1
2020,12,2020-12-22,9570,57,41,192,24,1000,1257,10884,55,1995,833,70,2953,2094,229,0,1866,2580,-329,6525,6065,0.26,44,9884,39,81.18
2020,12,2020-12-23,9370,56,39,194,25,1000,1258,10684,49,2995,830,73,3947,2047,229,0,1818,2550,-1321,6367,4918,0.36,54,9684,49,81.38
2020,12,2020-12-24,8820,58,37,187,23,1010,1257,10135,49,3499,826,62,4436,2045,229,0,1816,2560,-1799,5809,3883,0.43,62,9125,57,81.73
2020,12,2020-12-25,8250,58,37,191,23,1020,1271,9578,42,3494,831,50,4417,1996,229,0,1768,2520,-1776,5293,3393,0.45,65,8558,60,82.15
2020,12,2020-12-26,8290,58,42,199,28,1030,1299,9646,46,3494,826,53,4419,1996,0,0,1996,2530,-1888,5259,3231,0.45,67,8616,62,82.57
2020,12,2020-12-27,8380,60,55,187,32,1040,1314,9753,47,2998,831,39,3915,1946,0,0,1946,2540,-1326,5355,3892,0.39,60,8713,55,82.85
2020,12,2020-12-28,8530,60,66,192,30,1030,1318,9908,45,2993,838,42,3918,1944,0,0,1944,2570,-1295,5476,4045,0.39,59,8878,54,83.09
2020,12,2020-12-29,8910,60,56,187,28,1010,1281,10250,58,1991,834,52,2937,1896,0,0,1896,2590,-298,5849,5418,0.28,47,9240,41,83.13
2020,12,2020-12-30,8760,59,51,187,28,1010,1276,10095,58,1496,836,54,2445,1846,229,0,1617,2530,310,5836,6033,0.23,40,9085,34,83.09
2020,12,2020-12-31,8690,58,47,194,28,1010,1279,10026,47,1490,842,51,2430,1796,458,0,1338,2510,489,5863,6259,0.23,38,9016,31,83.04
2021,1,2021-01-01,8520,58,47,191,28,1010,1275,9853,53,1492,835,52,2432,1696,458,0,1238,2450,489,5781,6183,0.24,37,8843,30,82.99
2021,1,2021-01-02,8350,58,48,188,28,1000,1264,9672,48,1492,834,54,2428,1646,458,0,1188,2440,503,5636,6056,0.24,37,8672,30,82.96
2021,1,2021-01-03,8070,60,45,186,28,996,1254,9385,46,1490,836,45,2418,1595,458,0,1137,2410,508,5402,5830,0.25,38,8389,30,82.96
2021,1,2021-01-04,8000,61,47,199,27,991,1264,9325,45,1992,840,49,2927,1545,687,0,858,2390,170,5431,5540,0.3,41,8334,34,82.99
2021,1,2021-01-05,8600,62,64,184,27,980,1254,9916,37,1998,831,43,2910,1495,458,0,1037,2460,131,5912,5970,0.28,40,8936,33,82.97
2021,1,2021-01-06,8660,65,95,189,27,971,1282,10007,38,2486,830,41,3395,1446,458,0,988,2500,-255,5948,5624,0.33,44,9036,38,82.99
2021,1,2021-01-07,8990,67,76,189,26,956,1248,10304,32,2750,827,28,3637,1396,458,0,938,2590,-410,6204,5729,0.35,44,9348,39,83
2021,1,2021-01-08,9300,64,62,191,27,942,1222,10586,45,3468,826,65,4404,1396,458,0,938,2670,-1122,6432,5244,0.41,50,9644,46,83.06
2021,1,2021-01-09,9140,64,54,187,28,1030,1299,10503,32,3490,826,59,4407,1346,0,0,1346,2670,-1313,6157,4750,0.41,55,9473,50,83.19
2021,1,2021-01-10,8830,63,50,188,28,1030,1296,10189,34,2795,828,64,3720,1296,0,0,1296,2640,-627,5890,5173,0.36,49,9159,44,83.25
2021,1,2021-01-11,8720,62,48,187,28,964,1227,10009,31,2788,831,62,3712,1292,0,0,1292,2620,-706,5800,5004,0.36,50,9045,45,83.33
2021,1,2021-01-12,8780,58,45,187,28,918,1178,10016,26,1494,835,62,2417,1246,0,0,1246,2620,571,5869,6354,0.23,37,9098,30,83.25
2021,1,2021-01-13,8900,60,43,184,27,900,1154,10114,29,1495,832,60,2416,1246,0,0,1246,2630,558,5981,6451,0.23,36,9214,30,83.17
2021,1,2021-01-14,8820,63,42,187,27,886,1142,10025,43,1493,832,68,2436,1200,0,0,1200,2640,566,5907,6389,0.23,36,9139,30,83.1
2021,1,2021-01-15,8480,65,41,184,27,872,1124,9669,39,1492,835,61,2427,1196,0,0,1196,2580,500,5630,6046,0.24,37,8797,31,83.06
2021,1,2021-01-16,8420,67,41,183,27,861,1112,9599,37,1494,834,67,2432,1146,0,0,1146,2570,505,5596,6021,0.24,37,8738,31,83.03
2021,1,2021-01-17,8720,68,41,183,27,869,1120,9908,29,1492,834,64,2420,1148,0,0,1148,2570,524,5897,6340,0.23,36,9039,30,82.97
2021,1,2021-01-18,9110,67,40,182,27,880,1129,10306,41,1493,829,63,2427,1096,0,0,1096,2440,430,6430,6784,0.22,34,9426,28,82.87
2021,1,2021-01-19,8670,64,40,181,28,898,1146,9880,37,1498,830,64,2430,1094,0,0,1094,2280,285,6147,6356,0.24,36,8982,29,82.82
2021,1,2021-01-20,7840,63,39,180,27,892,1139,9042,51,1499,1647,62,3259,1093,0,0,1093,2280,-551,5317,4690,0.35,48,8150,42,82.96
2021,1,2021-01-21,7620,63,38,195,27,873,1133,8816,60,1494,1658,70,3282,1040,0,0,1040,2290,-534,5102,4495,0.36,49,7943,43,83.13
2021,1,2021-01-22,7620,61,39,213,28,865,1144,8825,60,1498,1657,71,3286,1041,687,0,354,2300,-72,5282,5185,0.36,41,7960,35,83.19
2021,1,2021-01-23,7740,64,42,196,27,876,1142,8945,60,1495,1659,58,3271,998,687,0,310,2310,-21,5407,5364,0.35,40,8069,34,83.23
2021,1,2021-01-24,7530,69,44,198,27,881,1150,8749,60,1498,1660,44,3263,994,1374,0,-380,2270,404,5435,5866,0.36,33,7868,25,83.21
2021,1,2021-01-25,7970,67,55,201,28,895,1179,9216,60,1494,1645,40,3238,998,1374,0,-376,2260,445,5883,6354,0.34,31,8321,24,83.14
2021,1,2021-01-26,7710,62,67,198,29,904,1198,8970,60,1497,1656,43,3256,995,1603,0,-608,2180,517,5762,6322,0.35,30,8066,22,83.08
2021,1,2021-01-27,8770,76,68,279,27,1020,1394,10240,60,1496,1667,29,3251,946,8024,0,-7078,2490,5233,8338,14066,0.31,-37,10638,-32,82.5
2021,1,2021-01-28,10700,80,1310,282,29,1480,3101,13881,60,1493,1665,34,3252,946,15361,0,-14414,2930,12148,11886,25043,0.23,-80,16683,-50,81.58
2021,1,2021-01-29,12600,85,1670,341,35,2030,4076,16762,60,1490,1665,29,3243,946,14903,0,-13956,3130,13035,13463,27475,0.19,-64,19380,-42,80.65
2021,1,2021-01-30,15200,100,550,235,35,2340,3160,18460,41,1497,1665,28,3231,946,14903,0,-13956,3440,12441,15768,29186,0.17,-58,21091,-38,79.74
2021,1,2021-01-31,16400,199,261,314,30,2450,3055,19654,27,1495,1668,28,3218,898,14674,0,-13776,3640,12431,16816,30212,0.16,-54,22222,-36,78.85
2021,2,2021-02-01,15300,213,176,452,29,2370,3027,18540,24,1390,1669,36,3119,896,7566,0,-6670,3530,7774,13851,22092,0.16,-19,18223,-21,78.21
2021,2,2021-02-02,13700,194,324,459,30,2310,3123,17017,34,1493,1666,42,3234,896,2063,0,-1166,3270,3917,10951,14949,0.19,12,14707,-2,77.86
2021,2,2021-02-03,13000,168,329,325,29,2230,2913,16081,25,1990,1660,35,3710,895,1834,0,-939,3110,2923,10321,13310,0.23,17,13851,4,77.61
2021,2,2021-02-04,13700,141,273,257,27,2020,2577,16418,30,1998,1880,30,3938,896,1834,0,-938,3240,2489,10864,13418,0.24,18,14398,7,77.36
2021,2,2021-02-05,14900,120,187,243,27,1830,2287,17308,27,1994,1879,29,3928,896,1834,0,-938,3440,2409,11843,14317,0.22,17,15478,7,77.09
2021,2,2021-02-06,14400,100,148,236,26,1680,2090,16591,30,1987,1881,36,3934,896,1834,0,-938,3380,2146,11383,13594,0.23,18,14911,9,76.86
2021,2,2021-02-07,12600,84,127,214,26,1570,1938,14622,33,1994,1888,37,3952,896,0,0,896,3140,543,9293,9773,0.27,33,13052,25,76.86
2021,2,2021-02-08,11300,66,115,203,27,1480,1825,13191,32,1996,1884,32,3944,897,0,0,897,2990,288,8125,8350,0.29,37,11711,29,76.96
2021,2,2021-02-09,10900,61,107,191,26,1410,1734,12695,24,3689,1879,29,5620,896,0,0,896,2970,-1498,7740,6179,0.44,51,11285,45,77.25
2021,2,2021-02-10,10800,62,102,192,27,1350,1671,12533,33,1994,1882,28,3938,846,0,0,846,2970,153,7656,7750,0.31,38,11183,31,77.38
2021,2,2021-02-11,10900,64,105,197,26,1340,1668,12633,40,2093,1880,42,4055,846,2293,0,-1447,2980,1534,8389,10025,0.31,21,11293,11,77.33
2021,2,2021-02-12,11200,69,357,208,27,1360,1952,13221,42,2393,1883,34,4351,847,2293,0,-1446,3030,1570,8644,10315,0.32,22,11861,13,77.27
2021,2,2021-02-13,11300,64,359,196,28,1350,1933,13297,43,2392,1881,27,4343,847,2293,0,-1446,2980,1510,8789,10400,0.32,22,11947,13,77.21
2021,2,2021-02-14,12000,54,336,192,28,1330,1886,13940,49,2398,1876,41,4365,848,2293,0,-1445,3020,1480,9439,11020,0.31,21,12610,13,77.11
2021,2,2021-02-15,12800,67,309,189,29,1380,1907,14773,49,2387,1872,28,4336,845,2293,0,-1448,3195.9,1708,10076,11886,0.29,20,13393,11,76.97
2021,2,2021-02-16,13400,73,397,188,28,1410,2023,15496,37,3377,2599,33,6046,844,0,0,844,3437,-1135,9799,8605,0.39,44,14086,39,77.05
2021,2,2021-02-17,13400,57,331,187,28,1380,1926,15383,35,3039,2597,37,5709,846,0,0,846,3299,-1034,9921,8828,0.37,43,14003,37,77.1
2021,2,2021-02-18,13100,55,248,186,28,1350,1812,14967,83,3398,2577,38,6096,845,0,0,845,3069.4,-1764,9849,8026,0.4,46,13617,41,77.22
2021,2,2021-02-19,12400,66,206,186,28,1320,1740,14205,79,2698,3330,26,6133,846,0,0,846,2930,-2013,9299,7226,0.42,49,12885,44,77.39
2021,2,2021-02-20,11600,66,201,185,28,1350,1764,13430,60,2694,3319,28,6101,845,0,0,845,2760,-2127,8670,6484,0.45,52,12080,46,77.63
2021,2,2021-02-21,10900,63,215,183,28,1600,2026,12988,60,2493,3300,32,5885,894,0,0,894,2660,-1780,8053,6210,0.45,52,11388,45,77.88
2021,2,2021-02-22,10200,60,186,184,28,1570,1968,12229,60,1994,2549,38,4641,898,0,0,898,2630,-626,7379,6690,0.37,45,10659,37,78.06
2021,2,2021-02-23,10100,52,168,182,33,1390,1773,11925,19,1197,2553,47,3816,886,0,0,886,2620,1,7284,7222,0.31,39,10535,31,78.19
2021,2,2021-02-24,10100,46,160,179,40,1240,1619,11765,0,1295,2567,33,3894,865,0,0,865,2660,-177,7243,7006,0.33,40,10525,33,78.33
2021,2,2021-02-25,9390,43,158,180,36,1140,1514,10948,4,1685,1634,39,3362,882,0,0,882,2610,189,6576,6703,0.3,39,9808,32,78.5
2021,2,2021-02-26,9110,43,151,178,29,1050,1408,10561,91,2089,975,42,3197,887,0,0,887,2640,274,6265,6477,0.29,39,9511,32,78.67
2021,2,2021-02-27,9130,43,143,153,29,949,1274,10447,90,1186,975,31,2282,889,0,0,889,2620,1034,6304,7276,0.21,30,9498,23,78.76
2021,2,2021-02-28,8570,44,137,153,26,907,1223,9837,90,792,972,39,1894,885,0,0,885,2530,1283,5836,7057,0.18,28,8930,21,78.87
2021,3,2021-03-01,8110,40,130,127,22,968,1247,9397,116,889,971,32,2009,935,0,0,935,2500,1131,5388,6454,0.2,31,8429,23,79.02
2021,3,2021-03-02,7920,42,125,125,23,1040,1313,9275,135,293,815,38,1282,976,0,0,976,2450,1846,5239,7016,0.12,24,8235,15,79.12
2021,3,2021-03-03,7760,46,122,121,23,905,1171,8977,149,295,818,31,1294,970,0,0,970,2450,1696,5084,6713,0.12,25,8072,17,79.24
2021,3,2021-03-04,7940,47,120,121,23,866,1130,9116,141,268,412,27,848,970,0,0,970,2400,2051,5315,7298,0.07,20,8250,12,79.29
2021,3,2021-03-05,7600,47,116,116,23,929,1184,8831,148,280,400,14,842,1018,0,0,1018,2300,1980,5062,6971,0.07,21,7902,12,79.38
2021,3,2021-03-06,7690,47,121,113,23,998,1255,8992,151,274,429,13,866,1015,458,0,557,2290,2317,5291,7569,0.07,16,7994,5,79.4
2021,3,2021-03-07,7890,49,143,112,31,1050,1336,9275,153,471,405,4,1034,1008,458,0,550,2360,2304,5425,7691,0.09,17,8225,6,79.42
2021,3,2021-03-08,7810,52,137,112,33,1080,1362,9224,148,592,822,1,1564,1072,458,0,614,2410,1809,5280,7046,0.15,24,8144,13,79.49
2021,3,2021-03-09,7920,50,134,112,29,1080,1355,9325,135,495,819,0,1449,1056,1375,0,-319,2410,2524,5650,8196,0.14,12,8245,1,79.46
2021,3,2021-03-10,8230,53,150,115,32,1090,1387,9670,133,291,826,0,1250,1042,2062,0,-1020,2480,3280,6088,9439,0.11,2,9114,-4,79.34
2021,3,2021-03-11,9630,61,167,120,41,1110,1438,11129,126,294,827,0,1247,1109,1604,0,-495,2720,3233,7109,10377,0.1,7,10482,1,79.16
2021,3,2021-03-12,10700,52,143,120,43,1080,1386,12137,109,149,413,0,672,1109,1604,0,-495,2890,3925,8000,11960,0.04,1,11673,-2,78.9
2021,3,2021-03-13,10900,50,130,117,44,1070,1361,12311,111,148,398,0,658,1149,1604,0,-455,2910,3909,8167,12108,0.04,2,11844,-2,78.65
2021,3,2021-03-14,10600,51,124,116,44,1110,1394,12044,108,151,372,0,631,1212,687,0,525,2860,3282,7644,10889,0.04,10,11244,3,78.48
2021,3,2021-03-15,10000,53,165,117,44,1140,1466,11518,110,1370,406,0,1885,1215,0,0,1215,2770,1561,6942,8418,0.15,27,10378,19,78.49
2021,3,2021-03-16,9720,54,222,118,44,1100,1484,11258,113,2091,814,0,3019,1250,0,0,1250,2730,383,6694,6989,0.25,38,10158,31,78.62
2021,3,2021-03-17,9990,55,180,117,43,1040,1380,11424,116,1897,896,0,2909,1303,0,0,1303,2760,383,6920,7212,0.24,37,10384,31,78.72
2021,3,2021-03-18,10900,54,178,117,40,1030,1365,12319,117,1787,903,0,2807,1305,1834,0,-529,2830,1732,8272,10041,0.21,18,11289,11,78.6
2021,3,2021-03-19,11000,62,634,116,38,1020,1808,12870,119,997,812,0,1928,1380,2063,0,-683,2740,3064,8513,11626,0.14,10,11850,2,78.39
2021,3,2021-03-20,11000,61,933,111,34,1010,2088,13149,124,296,805,0,1224,1381,2063,0,-682,2630,3937,8622,12607,0.08,4,12595,0,78.14
2021,3,2021-03-21,11900,60,603,111,29,1020,1763,13723,121,299,804,0,1224,1422,2063,0,-641,2670,3626,9469,13140,0.08,4,13156,0,77.88
2021,3,2021-03-22,12400,58,447,112,29,1010,1598,14056,119,289,825,0,1232,1476,2063,0,-587,2810,3558,9812,13411,0.08,5,13488,1,77.62
2021,3,2021-03-23,12000,58,368,112,34,896,1410,13468,126,289,877,0,1293,1474,229,0,1245,2770,2079,8939,10931,0.08,19,12572,13,77.5
2021,3,2021-03-24,10500,58,314,111,42,851,1318,11876,121,294,842,22,1279,1510,0,0,1510,2710,1768,7425,9087,0.09,23,11025,18,77.51
2021,3,2021-03-25,9810,56,276,110,60,802,1248,11114,126,297,840,8,1271,1503,0,0,1503,2730,1730,6715,8340,0.1,25,10312,19,77.58
2021,3,2021-03-26,9610,53,255,111,63,817,1246,10909,122,293,827,17,1259,1546,0,0,1546,2660,1642,6570,8103,0.1,26,10092,20,77.66
2021,3,2021-03-27,9130,51,235,111,56,866,1268,10449,125,292,802,14,1232,1547,0,0,1547,2620,1651,6128,7671,0.1,27,9583,20,77.77
2021,3,2021-03-28,8790,50,221,110,51,953,1335,10175,119,297,802,20,1238,1587,0,0,1587,2610,1676,5785,7350,0.1,28,9222,20,77.9
2021,3,2021-03-29,8730,125,230,110,51,993,1384,10239,122,294,803,26,1245,1606,0,0,1606,2600,1695,5806,7389,0.1,28,9246,20,78.03
2021,3,2021-03-30,8670,127,246,111,47,882,1286,10083,136,296,803,35,1270,1590,0,0,1590,2510,1492,5842,7223,0.1,28,9201,21,78.16
2021,3,2021-03-31,8320,97,247,108,44,830,1229,9646,123,298,413,63,898,1636,0,0,1636,2470,1737,5489,7112,0.07,26,8816,19,78.29
2021,4,2021-04-01,8190,80,241,159,44,834,1278,9548,125,0,395,78,598,1746,0,0,1746,2500,2045,5282,7205,0.04,25,8714,17,78.41
2021,4,2021-04-02,8150,76,249,162,57,826,1294,9520,126,0,408,72,607,1700,0,0,1700,2460,2043,5290,7214,0.04,24,8694,17,78.52
2021,4,2021-04-03,8350,78,253,163,65,861,1342,9771,129,0,397,72,598,1713,0,0,1713,2420,2051,5529,7459,0.04,24,8910,16,78.6
2021,4,2021-04-04,8620,80,259,163,66,961,1449,10150,127,0,410,75,612,1770,0,0,1770,2400,2087,5805,7768,0.04,23,9189,15,78.65
2021,4,2021-04-05,8680,78,265,166,42,1010,1483,10241,130,516,398,60,1103,1768,0,0,1768,2460,1691,5803,7370,0.09,28,9231,20,78.74
2021,4,2021-04-06,8980,78,262,168,21,897,1348,10405,128,495,406,51,1081,1740,0,0,1740,2540,1676,6030,7584,0.08,27,9508,20,78.8
2021,4,2021-04-07,9040,80,251,167,23,800,1241,10360,130,697,400,60,1287,1717,0,0,1717,2600,1438,6039,7357,0.1,29,9560,23,78.87
2021,4,2021-04-08,9280,82,244,165,24,767,1200,10562,140,293,803,69,1305,1771,0,0,1771,2680,1425,6186,7487,0.1,29,9795,24,78.93
2021,4,2021-04-09,9120,83,238,166,24,752,1180,10383,157,597,802,97,1653,1758,0,0,1758,2680,1065,6030,6972,0.13,33,9631,28,79.04
2021,4,2021-04-10,9140,84,226,164,24,789,1203,10427,148,287,802,106,1343,1790,0,0,1790,2700,1396,6022,7293,0.1,30,9638,24,79.11
2021,4,2021-04-11,9110,84,221,164,24,898,1307,10502,152,291,803,109,1355,1794,0,0,1794,2700,1486,5992,7353,0.1,30,9604,23,79.17
2021,4,2021-04-12,9000,84,215,166,24,1070,1475,10560,145,497,806,84,1532,1781,0,0,1781,2690,1476,5896,7247,0.12,31,9490,24,79.23
2021,4,2021-04-13,8930,86,208,163,41,1210,1622,10638,139,699,806,71,1715,1814,0,0,1814,2660,1387,5848,7108,0.13,33,9428,25,79.31
2021,4,2021-04-14,8880,87,203,159,83,1240,1685,10652,139,467,807,81,1495,1819,0,0,1819,2570,1578,5888,7338,0.11,31,9412,22,79.36
2021,4,2021-04-15,8600,87,195,160,129,1250,1734,10421,148,482,807,83,1519,1823,0,0,1823,2470,1499,5707,7078,0.12,32,9171,23,79.43
2021,4,2021-04-16,8340,88,181,160,173,1500,2014,10442,163,593,808,106,1671,1819,0,0,1819,2400,1561,5518,6952,0.13,33,8942,22,79.51
2021,4,2021-04-17,8350,88,170,160,160,2020,2510,10949,112,384,809,100,1406,1847,0,0,1847,2320,2225,5601,7697,0.1,30,8929,14,79.51
2021,4,2021-04-18,7920,89,160,160,122,1760,2202,10211,144,391,806,107,1449,1831,0,0,1831,2160,1723,5336,6931,0.11,32,8451,18,79.59
2021,4,2021-04-19,7320,91,155,161,128,1730,2174,9584,152,389,807,88,1435,1850,0,0,1850,2060,1596,4833,6299,0.12,34,7854,20,79.72
2021,4,2021-04-20,7170,93,156,159,137,1840,2292,9554,170,394,806,73,1442,1840,0,0,1840,2080,1733,4667,6272,0.12,34,7714,19,79.85
2021,4,2021-04-21,7100,99,161,158,150,1830,2299,9498,164,388,806,75,1432,1838,0,0,1838,2130,1802,4555,6228,0.12,34,7668,19,79.98
2021,4,2021-04-22,6850,101,162,160,181,1380,1883,8834,140,391,807,66,1404,1830,0,0,1830,2200,1489,4238,5599,0.13,37,7454,25,80.16
2021,4,2021-04-23,6830,98,156,159,195,1270,1780,8707,157,390,805,91,1443,1832,0,0,1832,2240,1386,4175,5432,0.13,38,7437,27,80.36
2021,4,2021-04-24,6580,95,151,161,183,1440,1935,8610,159,396,805,102,1462,1886,0,0,1886,2200,1447,3947,5262,0.13,39,7170,27,80.57
2021,4,2021-04-25,6220,94,149,162,165,1480,1956,8269,116,390,804,92,1402,1915,458,0,1457,2130,1737,3776,5410,0.14,35,6789,20,80.75
2021,4,2021-04-26,6300,89,156,161,148,1360,1825,8214,147,392,804,82,1426,1899,458,0,1441,2110,1573,3876,5348,0.14,35,6854,22,80.92
2021,4,2021-04-27,6550,88,159,159,145,1190,1653,8292,131,394,805,69,1399,1900,458,0,1442,2100,1418,4135,5452,0.14,34,7102,23,81.07
2021,4,2021-04-28,6540,92,141,158,153,1250,1702,8334,165,389,803,74,1432,1922,458,0,1464,2130,1449,4092,5438,0.13,35,7084,23,81.22
2021,4,2021-04-29,6100,92,131,158,176,1110,1575,7766,180,398,803,72,1453,1930,458,0,1472,2080,1244,3699,4841,0.15,38,6656,27,81.43
2021,4,2021-04-30,5620,91,127,159,194,980,1460,7171,160,389,804,99,1452,1942,0,0,1942,2020,765,3147,3776,0.16,47,6191,39,81.8
2021,5,2021-05-01,5520,88,133,159,205,951,1448,7056,160,395,805,118,1478,1934,0,0,1934,1960,674,3106,3645,0.16,48,6105,40,82.16
2021,5,2021-05-02,6040,86,139,162,200,1100,1601,7727,159,387,807,108,1461,1952,0,0,1952,1940,812,3639,4315,0.15,44,6627,35,82.4
2021,5,2021-05-03,6090,81,137,160,195,984,1476,7647,168,384,803,84,1440,2002,0,0,2002,1870.06,605,3741,4205,0.15,45,6663,37,82.64
2021,5,2021-05-04,5750,78,132,158,191,800,1281,7108,161,394,801,66,1422,2023,0,0,2023,1934.3,478,3327,3663,0.16,48,6308,42,82.95
2021,5,2021-05-05,5460,76,126,156,182,712,1176,6712,170,390,801,71,1433,2016,0,0,2016,2068,501,2903,3263,0.17,51,6000,46,83.32
2021,5,2021-05-06,5280,72,124,157,196,601,1078,6429,174,392,802,73,1440,2003,0,0,2003,1911.7,247,2879,2986,0.17,54,5828,49,83.73
2021,5,2021-05-07,5940,65,123,157,231,573,1084,7088,200,393,800,102,1495,2079,0,0,2079,1940,177,3483,3514,0.16,50,6516,46,84.02
2021,5,2021-05-08,6390,57,119,158,249,661,1187,7635,204,392,799,117,1512,2052,0,0,2052,1960,302,3913,4071,0.14,47,6974,42,84.19
2021,5,2021-05-09,6740,53,110,160,242,739,1251,8044,206,297,800,122,1424,2127,0,0,2127,2080,524,4117,4492,0.13,44,7305,39,84.29
2021,5,2021-05-10,7650,50,102,157,210,753,1222,8922,208,289,801,85,1383,2141,0,0,2141,2260,707,4840,5397,0.12,40,8169,34,84.26
2021,5,2021-05-11,7620,51,95,158,194,720,1167,8837,214,293,802,76,1384,2188,0,0,2188,2280,640,4778,5265,0.12,40,8117,35,84.25
2021,5,2021-05-12,7320,58,87,159,194,881,1321,8698,201,289,804,82,1376,2202,0,0,2202,2250,763,4511,5120,0.11,41,7818,35,84.26
2021,5,2021-05-13,7260,61,80,157,188,1200,1625,8946,176,287,806,76,1345,2223,0,0,2223,2240,1075,4459,5378,0.11,40,7746,31,84.24
2021,5,2021-05-14,7270,60,76,158,198,1320,1752,9082,175,291,807,83,1356,2259,0,0,2259,2240,1168,4457,5467,0.11,40,7762,30,84.21
2021,5,2021-05-15,7420,59,72,157,218,1260,1707,9186,161,0,806,102,1069,2278,0,0,2278,2240,1397,4601,5839,0.08,36,7926,26,84.14
2021,5,2021-05-16,7400,58,69,159,223,1230,1681,9139,163,0,806,111,1080,2345,0,0,2345,2140,1217,4662,5715,0.08,37,7909,28,84.08
2021,5,2021-05-17,7800,58,68,157,192,1160,1577,9435,166,293,806,86,1351,2384,0,0,2384,2120,796,5071,5700,0.11,40,8275,31,84.03
2021,5,2021-05-18,7770,63,65,157,181,1020,1423,9257,176,288,803,68,1335,2378,0,0,2378,2130,673,5037,5544,0.11,40,8237,33,84.01
2021,5,2021-05-19,7890,67,63,156,184,956,1360,9316,171,286,800,73,1329,2429,0,0,2429,2180,631,5096,5557,0.11,40,8360,34,83.98
2021,5,2021-05-20,8540,72,58,158,197,962,1375,9987,188,290,799,74,1351,2476,0,0,2476,2250,664,5669,6160,0.1,38,9025,32,83.88
2021,5,2021-05-21,8270,77,56,157,227,839,1278,9625,192,280,796,98,1366,2476,0,0,2476,2320,623,5333,5783,0.1,40,8786,34,83.83
2021,5,2021-05-22,8040,72,56,157,220,830,1263,9376,177,296,797,107,1377,2544,0,0,2544,2370,603,5030,5455,0.11,42,8546,36,83.83
2021,5,2021-05-23,8220,73,56,158,185,867,1266,9558,177,292,797,111,1377,2598,0,0,2598,2440,639,5125,5583,0.11,42,8691,36,83.81
2021,5,2021-05-24,8270,73,56,158,155,818,1187,9530,166,296,797,92,1352,2655,0,0,2655,2490,600,5110,5524,0.11,42,8712,37,83.79
2021,5,2021-05-25,8190,66,52,156,165,734,1107,9363,187,300,799,79,1364,2663,0,0,2663,2470,482,5040,5336,0.11,43,8629,38,83.8
2021,5,2021-05-26,7910,63,48,157,182,686,1073,9046,195,293,801,76,1365,2670,0,0,2670,2470,442,4756,5011,0.11,45,8360,40,83.85
2021,5,2021-05-27,7650,63,44,156,192,661,1053,8766,180,294,811,79,1364,2719,0,0,2719,2420,342,4532,4683,0.12,47,8105,42,83.94
2021,5,2021-05-28,7330,63,42,156,197,635,1030,8423,203,289,802,113,1408,2763,0,0,2763,2320,146,4300,4252,0.12,50,7788,45,84.09
2021,5,2021-05-29,6930,63,40,155,194,659,1047,8041,177,298,802,126,1404,2832,0,0,2832,2220,23,3981,3805,0.13,53,7382,48,84.3
2021,5,2021-05-30,6640,58,38,155,195,668,1056,7753,179,293,801,124,1397,2886,0,0,2886,2110,-107,3780,3471,0.13,55,7085,51,84.56
2021,5,2021-05-31,6260,58,36,154,184,646,1021,7338,203,287,799,99,1388,2944,0,0,2944,2020,-261,3473,3006,0.14,59,6692,55,84.89
2021,6,2021-06-01,5980,57,34,44,170,622,871,6908,218,297,801,75,1392,2969,0,0,2969,1950,-501,3256,2548,0.15,63,6286,59,85.32
2021,6,2021-06-02,6050,55,32,31,168,633,864,6969,195,288,800,79,1362,3006,0,0,3006,1920.09,-533,3344,2600,0.14,63,6336,59,85.71
2021,6,2021-06-03,5750,53,28,31,187,617,864,6667,193,288,799,74,1354,3067,0,0,3067,2135,-349,2810,2246,0.15,66,6050,63,86.17
2021,6,2021-06-04,5690,53,27,31,203,662,923,6666,191,289,798,109,1387,3121,0,0,3121,3140,648,1729,2158,0.15,68,6004,64,86.64
2021,6,2021-06-05,6100,53,24,30,197,711,962,7114,196,299,801,124,1420,3184,0,0,3184,3670,1143,1591,2511,0.15,65,6403,61,86.97
2021,6,2021-06-06,6210,52,23,31,170,783,1007,7269,190,292,798,128,1409,3242,0,0,3242,3550,1041,1804,2618,0.14,64,6486,60,87.27
2021,6,2021-06-07,6180,51,22,32,162,739,956,7187,183,297,804,91,1375,3303,0,0,3303,2579,13,2728,2510,0.15,65,6448,61,87.57
2021,6,2021-06-08,6530,50,21,31,165,718,935,7515,191,295,800,81,1367,3342,0,0,3342,2009.5,-595,3635,2806,0.14,63,6797,59,87.79
2021,6,2021-06-09,6810,49,20,31,168,987,1207,8066,188,290,799,78,1355,3376,0,0,3376,2020,-323,3893,3334,0.13,59,7079,53,87.88
2021,6,2021-06-10,7040,55,20,30,168,1170,1387,8482,191,572,413,78,1254,3413,0,0,3413,2050,-35,4089,3815,0.11,55,7312,48,87.88
2021,6,2021-06-11,6880,56,21,30,166,1230,1446,8382,194,840,0,111,1145,3470,0,0,3470,2010,55,3954,3766,0.09,55,7152,47,87.89
2021,6,2021-06-12,6670,56,21,30,171,1310,1531,8257,184,846,0,123,1153,3525,0,0,3525,2040,127,3698,3578,0.09,57,6947,48,87.93
2021,6,2021-06-13,6720,56,21,30,183,1350,1584,8359,179,848,0,122,1149,3563,0,0,3563,2010,129,3768,3648,0.09,56,7009,48,87.96
2021,6,2021-06-14,6860,55,21,30,201,1330,1582,8497,192,848,0,91,1131,3613,0,0,3613,1990.1,92,3913,3753,0.09,56,7167,48,87.97
2021,6,2021-06-15,7020,55,20,30,211,1240,1501,8576,210,848,0,88,1147,3673,0,0,3673,2040.8,7,4005,3755,0.09,56,7336,49,87.97
2021,6,2021-06-16,6950,54,19,30,187,1220,1455,8460,207,841,0,89,1137,3740,0,0,3740,2900,787,3057,3583,0.09,58,7240,51,88.01
2021,6,2021-06-17,6260,54,18,30,178,1240,1466,7780,200,289,487,87,1063,3745,0,0,3745,3700,1669,1565,2972,0.09,62,6540,55,88.17
2021,6,2021-06-18,6020,54,17,30,236,1280,1563,7637,189,300,536,115,1140,3795,0,0,3795,3820,1777,1191,2702,0.1,65,6357,57,88.37
2021,6,2021-06-19,6220,54,16,30,253,1280,1579,7853,184,98,801,122,1205,3852,0,0,3852,3930,1801,1266,2797,0.1,64,6573,57,88.55
2021,6,2021-06-20,6490,55,14,31,225,1380,1650,8194,180,96,806,116,1199,3904,0,0,3904,3990,1903,1461,3091,0.1,62,6814,55,88.65
2021,6,2021-06-21,6680,55,14,31,194,1350,1588,8323,183,99,808,89,1179,3972,0,0,3972,4070,1897,1553,3172,0.1,62,6973,55,88.73
2021,6,2021-06-22,6940,55,12,31,181,1260,1484,8479,186,94,808,79,1167,4006,0,0,4006,4130,1843,1743,3306,0.1,61,7219,54,88.77
2021,6,2021-06-23,6910,57,12,32,181,1260,1484,8451,180,91,809,80,1160,4020,0,0,4020,4070,1781,1771,3272,0.1,61,7191,55,88.82
2021,6,2021-06-24,6920,59,10,31,194,1280,1516,8495,183,87,809,70,1149,4074,0,0,4074,4070,1789,1768,3272,0.1,61,7215,55,88.87
2021,6,2021-06-25,7060,58,10,31,204,1260,1505,8623,180,90,809,93,1171,4110,0,0,4110,4240,1902,1727,3342,0.09,61,7363,55,88.9
2021,6,2021-06-26,7070,58,9,30,190,1290,1519,8647,179,89,810,104,1181,4100,0,0,4100,4300,1972,1679,3365,0.09,61,7357,54,88.93
2021,6,2021-06-27,6890,60,9,31,181,1370,1591,8541,178,91,811,103,1183,4170,0,0,4170,4210,1907,1572,3187,0.1,63,7171,56,88.99
2021,6,2021-06-28,6950,64,9,31,190,1350,1580,8594,191,0,810,77,1078,4170,0,0,4170,4090,1881,1757,3346,0.08,61,7244,54,89.01
2021,6,2021-06-29,6960,65,9,31,203,1240,1483,8507,193,0,806,65,1064,4300,0,0,4300,3200,824,2621,3144,0.09,63,7267,57,89.08
2021,6,2021-06-30,7140,66,8,31,210,0,249,7455,191,95,805,59,1150,4183,0,0,4183,2375,-1244,3659,2122,0.11,72,7455,72,89.39
2021,7,2021-07-01,7400,66,7,30,199,0,236,7702,123,295,803,64,1285,4167,0,0,4167,2619,-1139,3680,2249,0.13,71,7702,71,89.65
2021,7,2021-07-02,7120,64,7,30,199,1240,1476,8660,114,91,802,94,1102,4188,0,0,4188,3660,1312,2351,3370,0.09,61,7420,55,89.63
2021,7,2021-07-03,6630,62,6,30,204,1290,1530,8222,91,892,400,109,1492,4249,0,0,4249,4080,1356,1422,2481,0.14,70,6932,64,89.82
2021,7,2021-07-04,6790,61,6,31,199,1380,1616,8467,91,100,807,108,1106,4259,0,0,4259,4170,1911,1489,3102,0.1,63,7087,56,89.84
2021,7,2021-07-05,7270,66,6,31,192,1410,1639,8975,95,100,808,71,1074,4299,0,0,4299,4280,2051,1852,3602,0.09,60,7565,52,89.77
2021,7,2021-07-06,7450,68,5,30,193,1290,1518,9037,98,93,808,65,1064,4297,0,0,4297,4430,2092,1885,3676,0.09,59,7747,53,89.69
2021,7,2021-07-07,7630,68,5,31,185,1240,1461,9159,97,71,807,62,1036,4329,0,0,4329,4480,2090,2006,3793,0.09,59,7919,52,89.6
2021,7,2021-07-08,7840,68,4,30,177,1230,1442,9350,104,99,807,62,1072,4312,0,0,4312,4460,2027,2241,3966,0.09,58,8120,51,89.48
2021,7,2021-07-09,7640,69,3,30,189,1220,1442,9151,94,92,806,96,1088,4319,0,0,4319,4460,2007,2039,3744,0.09,59,7931,53,89.41
2021,7,2021-07-10,7420,71,3,30,205,1250,1488,8979,89,95,808,112,1104,4326,0,0,4326,4380,1952,1900,3549,0.09,60,7729,54,89.37
2021,7,2021-07-11,7450,73,3,31,215,1310,1559,9082,98,90,809,105,1101,4342,0,0,4342,4400,2035,1907,3638,0.09,60,7772,53,89.32
2021,7,2021-07-12,7420,73,3,31,205,1330,1569,9062,98,98,809,68,1073,4334,0,0,4334,4460,2139,1820,3656,0.09,60,7732,53,89.27
2021,7,2021-07-13,7330,74,3,32,197,1280,1512,8916,87,90,804,51,1032,4310,0,0,4310,4390,2068,1807,3573,0.09,60,7636,53,89.24
2021,7,2021-07-14,7360,74,2,31,187,1270,1490,8924,100,93,799,50,1042,4297,0,0,4297,4300,1956,1931,3586,0.09,60,7654,53,89.2
2021,7,2021-07-15,7470,69,1,31,181,1260,1473,9012,101,92,793,52,1038,4297,0,0,4297,4340,1981,1996,3676,0.09,59,7752,53,89.15
2021,7,2021-07-16,7510,61,1,30,191,1270,1492,9064,122,347,800,77,1346,4312,0,0,4312,4400,1743,1964,3405,0.12,62,7794,56,89.16
2021,7,2021-07-17,7440,61,2,31,214,1270,1516,9018,134,342,800,94,1370,4331,0,0,4331,4410,1741,1878,3316,0.12,63,7748,57,89.18
2021,7,2021-07-18,7520,55,1,30,228,1350,1609,9184,137,342,800,100,1379,4342,0,0,4342,4480,1888,1880,3463,0.12,62,7834,56,89.17
2021,7,2021-07-19,7580,49,2,30,212,1310,1554,9183,140,347,802,71,1360,4347,0,0,4347,4550,1919,1862,3476,0.12,62,7873,56,89.16
2021,7,2021-07-20,7540,48,2,31,188,1210,1431,9019,141,344,804,54,1343,4294,0,0,4294,4610,1906,1776,3382,0.12,63,7809,57,89.17
2021,7,2021-07-21,7540,38,1,30,182,1250,1463,9041,138,342,804,41,1325,4286,0,0,4286,4630,1982,1748,3430,0.12,62,7791,56,89.17
2021,7,2021-07-22,7740,38,1,30,189,1240,1460,9238,138,342,806,48,1334,4300,0,0,4300,4570,1901,2004,3604,0.12,61,7998,55,89.13
2021,7,2021-07-23,7750,38,1,30,205,1250,1486,9274,146,344,804,94,1388,4278,0,0,4278,4590,1908,2000,3608,0.12,61,8024,55,89.1
2021,7,2021-07-24,7510,47,1,30,203,1270,1504,9062,143,342,807,109,1401,4270,0,0,4270,4510,1838,1852,3391,0.12,63,7792,56,89.11
2021,7,2021-07-25,7500,48,1,31,194,1330,1555,9103,147,345,807,107,1405,4260,0,0,4260,4500,1881,1855,3437,0.12,62,7773,56,89.11
2021,7,2021-07-26,7790,48,1,31,196,1330,1557,9395,145,346,805,94,1391,4248,0,0,4248,4510,1915,2138,3756,0.12,60,8065,53,89.06
2021,7,2021-07-27,8130,46,0,31,208,1270,1510,9686,141,341,823,87,1392,4248,0,0,4248,4470,1827,2516,4046,0.11,58,8416,52,88.95
2021,7,2021-07-28,7510,44,0,31,200,1270,1501,9056,142,339,870,72,1423,4184,0,0,4184,4420,1779,1963,3449,0.13,62,7786,56,88.96
2021,7,2021-07-29,7380,43,0,30,189,1260,1479,8902,145,346,835,93,1420,4176,0,0,4176,4380,1725,1874,3306,0.12,63,7642,57,89
2021,7,2021-07-30,7300,42,0,31,188,1230,1450,8792,139,347,803,115,1404,4175,0,0,4175,4350,1682,1823,3213,0.12,63,7562,58,89.05
2021,7,2021-07-31,7140,42,0,30,202,1220,1452,8634,139,344,803,130,1415,4140,0,0,4140,4280,1626,1743,3080,0.13,64,7414,58,89.12
2021,8,2021-08-01,7070,42,0,31,213,1320,1564,8676,139,291,803,123,1356,4147,0,0,4147,4190,1703,1761,3173,0.12,63,7356,57,89.17
2021,8,2021-08-02,7170,41,0,30,214,1320,1564,8775,150,298,801,96,1346,4148,0,0,4148,4150,1672,1900,3281,0.12,63,7455,56,89.2
2021,8,2021-08-03,7190,41,0,31,201,1240,1472,8702,144,290,803,82,1319,4078,0,0,4078,4120,1622,1969,3306,0.12,62,7462,56,89.22
2021,8,2021-08-04,7080,42,0,31,192,1240,1463,8584,144,296,803,82,1325,4092,0,0,4092,4110,1588,1866,3168,0.12,63,7344,57,89.27
2021,8,2021-08-05,7300,43,0,31,192,1270,1493,8836,123,295,802,71,1292,4056,0,0,4056,4240,1805,1968,3489,0.12,61,7566,54,89.25
2021,8,2021-08-06,7430,43,0,31,188,1280,1499,8972,85,300,817,106,1309,4051,0,0,4051,4340,1897,1999,3612,0.12,60,7692,53,89.21
2021,8,2021-08-07,7280,43,0,31,184,1310,1525,8848,70,293,804,129,1296,3997,0,0,3997,4270,1901,1934,3555,0.12,60,7538,53,89.18
2021,8,2021-08-08,7230,43,0,34,188,1360,1582,8855,60,699,804,117,1680,4004,0,0,4004,4210,1509,1942,3171,0.16,64,7495,58,89.23
2021,8,2021-08-09,7250,43,0,36,195,1320,1551,8844,60,0,803,88,951,3936,0,0,3936,4210,2252,1981,3957,0.08,55,7524,47,89.14
2021,8,2021-08-10,7290,43,0,34,189,1270,1493,8825,73,293,803,68,1237,3936,0,0,3936,4150,1847,2081,3652,0.12,59,7555,52,89.1
2021,8,2021-08-11,7290,42,0,30,174,1250,1454,8787,49,294,802,73,1217,3853,0,0,3853,4210,1943,2044,3717,0.11,58,7537,51,89.05
2021,8,2021-08-12,7290,43,0,30,170,1270,1470,8803,77,290,802,80,1248,3857,0,0,3857,4330,2045,1923,3698,0.11,58,7533,51,89
2021,8,2021-08-13,7370,44,0,30,183,1260,1473,8887,78,290,800,115,1283,3828,0,0,3828,4290,1992,2052,3776,0.11,58,7627,50,88.95
2021,8,2021-08-14,7220,44,0,30,199,1260,1489,8753,74,296,798,123,1291,3784,0,0,3784,4280,2018,1925,3678,0.12,58,7493,51,88.91
2021,8,2021-08-15,7130,45,0,29,207,1100,1336,8511,89,298,799,88,1274,3792,0,0,3792,4380,1977,1733,3444,0.12,60,7411,54,88.92
2021,8,2021-08-16,7380,45,0,30,207,1020,1257,8682,87,295,802,76,1259,3762,0,0,3762,4470,2022,1901,3660,0.12,58,7662,52,88.9
2021,8,2021-08-17,7700,45,0,29,193,929,1151,8896,82,346,804,69,1301,3765,0,0,3765,4530,1932,2160,3829,0.13,57,7967,52,88.84
2021,8,2021-08-18,8040,44,0,29,177,734,940,9024,82,341,805,76,1304,3684,0,0,3684,4580,1822,2472,4036,0.12,55,8290,51,88.75
2021,8,2021-08-19,8230,44,0,29,171,606,806,9079,67,338,804,76,1285,3648,0,0,3648,4660,1810,2592,4147,0.12,54,8473,51,88.65
2021,8,2021-08-20,8090,44,0,29,178,576,783,8917,60,348,924,108,1440,3649,0,0,3649,4700,1671,2412,3828,0.14,57,8341,54,88.61
2021,8,2021-08-21,8120,45,0,30,170,557,757,8922,59,346,987,112,1505,3601,0,0,3601,4750,1662,2407,3817,0.14,57,8365,54,88.57
2021,8,2021-08-22,8150,48,0,30,166,563,759,8956,59,341,987,75,1462,3544,0,0,3544,4740,1733,2465,3950,0.14,56,8393,53,88.51
2021,8,2021-08-23,8080,49,0,25,160,529,714,8843,59,339,990,73,1460,3554,0,0,3554,4680,1624,2454,3829,0.14,57,8314,54,88.47
2021,8,2021-08-24,8180,48,0,25,151,488,664,8892,59,344,986,78,1467,3521,0,0,3521,4620,1529,2622,3904,0.15,56,8404,54,88.42
2021,8,2021-08-25,8100,47,0,25,144,471,640,8787,59,345,985,71,1460,3471,0,0,3471,4570,1494,2605,3856,0.15,56,8316,54,88.39
2021,8,2021-08-26,8190,46,0,25,156,424,605,8841,29,343,977,66,1414,3434,0,0,3434,4560,1518,2714,3992,0.15,55,8417,53,88.33
2021,8,2021-08-27,8070,45,0,24,160,430,614,8729,0,347,838,70,1256,3440,0,0,3440,4530,1652,2622,4033,0.13,54,8299,51,88.27
2021,8,2021-08-28,7670,44,0,24,152,412,588,8302,0,346,992,58,1397,3391,229,0,3162,4490,1625,2339,3742,0.16,55,7890,53,88.26
2021,8,2021-08-29,7470,45,0,25,153,411,589,8104,0,346,994,40,1380,3342,229,0,3113,4420,1605,2223,3611,0.16,55,7693,53,88.28
2021,8,2021-08-30,7330,47,0,25,171,425,621,7997,0,346,996,55,1397,3292,229,0,3063,4270,1503,2249,3537,0.17,56,7572,53,88.31
2021,8,2021-08-31,7250,47,0,25,177,428,630,7927,20,349,1000,50,1419,3242,229,0,3013,4180,1432,2273,3495,0.17,56,7499,53,88.34
2021,9,2021-09-01,7350,48,0,25,158,421,604,8002,30,294,1759,44,2126,3173,229,0,2944,4200,764,2373,2931,0.25,63,7581,61,88.49
2021,9,2021-09-02,7750,48,0,25,153,398,576,8374,36,295,1737,52,2120,3158,0,0,3158,4210,613,2703,3095,0.24,63,7976,61,88.59
2021,9,2021-09-03,7880,47,0,25,156,392,573,8500,38,191,1730,95,2055,3115,0,0,3115,4410,904,2645,3331,0.22,61,8108,59,88.64
2021,9,2021-09-04,7990,46,0,25,166,370,561,8596,44,189,1732,116,2080,3100,0,0,3100,4560,1025,2608,3416,0.22,60,8226,58,88.67
2021,9,2021-09-05,8020,45,0,25,174,424,623,8688,47,191,1736,88,2062,3015,0,0,3015,4670,1272,2551,3611,0.22,58,8264,56,88.66
2021,9,2021-09-06,7900,42,0,25,174,448,647,8589,47,199,1735,77,2058,2957,0,0,2957,4590,1257,2524,3575,0.22,58,8141,56,88.66
2021,9,2021-09-07,7630,41,0,25,160,434,619,8290,45,197,1735,69,2045,2907,0,0,2907,3440,125,3418,3339,0.23,60,7856,57,88.71
2021,9,2021-09-08,7510,41,0,25,151,386,562,8113,39,190,1728,63,2020,2848,0,0,2848,2623.2,-687,4130,3244,0.23,60,7727,58,88.77
2021,9,2021-09-09,7570,39,0,24,169,323,516,8125,39,192,1743,73,2047,2824,0,0,2824,2670,-697,4149,3254,0.23,60,7802,58,88.82
2021,9,2021-09-10,7830,37,0,24,192,323,539,8406,52,293,1743,108,2197,2774,458,0,2316,3710,547,3508,3893,0.23,54,8083,52,88.76
2021,9,2021-09-11,7780,35,0,24,195,341,560,8375,42,296,1904,112,2355,2714,458,0,2256,4550,1289,2634,3765,0.25,55,8034,53,88.72
2021,9,2021-09-12,7640,35,0,25,181,400,606,8281,36,290,1899,81,2306,2663,458,0,2205,4380,1247,2677,3769,0.25,54,7881,52,88.68
2021,9,2021-09-13,7580,36,0,26,170,411,607,8223,40,295,1904,60,2299,2640,458,0,2182,3144,33,3861,3741,0.26,55,7812,52,88.65
2021,9,2021-09-14,7540,36,0,26,149,377,552,8129,47,343,1897,57,2345,2575,458,0,2117,2450.2,-718,4533,3667,0.27,55,7752,53,88.63
2021,9,2021-09-15,7490,37,0,25,143,432,600,8127,58,340,2552,51,3002,2549,0,0,2549,2440.02,-1619,4373,2576,0.35,68,7695,67,88.85
2021,9,2021-09-16,7590,38,0,26,152,465,643,8271,58,349,2554,43,3005,2540,0,0,2540,2720,-1293,4197,2727,0.34,67,7806,65,89.01
2021,9,2021-09-17,7670,40,0,28,160,482,670,8380,76,394,2547,72,3089,2511,0,0,2511,4050,0,2957,2780,0.35,67,7898,65,89.16
2021,9,2021-09-18,7730,41,0,29,161,474,664,8435,75,389,2550,88,3101,2459,0,0,2459,4640,604,2443,2875,0.34,66,7961,64,89.27
2021,9,2021-09-19,7910,41,0,29,157,519,705,8656,78,389,2704,69,3241,2412,0,0,2412,4490,387,2785,3004,0.35,65,8137,63,89.35
2021,9,2021-09-20,7750,39,0,30,153,493,676,8465,61,396,2701,57,3215,2426,0,0,2426,3320,-796,3790,2824,0.36,67,7972,65,89.46
2021,9,2021-09-21,7520,38,0,28,153,427,608,8166,79,389,2708,40,3216,2377,0,0,2377,2603.8,-1549,4288,2573,0.38,68,7739,67,89.63
2021,9,2021-09-22,7340,38,0,28,141,418,587,7965,78,385,2704,60,3228,2327,0,0,2327,2550.04,-1603,4176,2411,0.38,70,7547,68,89.83
2021,9,2021-09-23,7490,38,3,28,135,344,510,8039,77,489,2702,25,3293,2306,0,0,2306,2633,-1648,4250,2440,0.39,70,7695,68,90.01
2021,9,2021-09-24,7390,39,6,28,142,304,480,7909,78,492,2703,56,3330,2253,0,0,2253,3660,-655,3138,2326,0.4,71,7605,69,90.22
2021,9,2021-09-25,7280,39,6,27,156,317,505,7825,77,491,2701,53,3322,2205,0,0,2205,4440,191,2262,2298,0.4,71,7508,69,90.42
2021,9,2021-09-26,7220,40,5,27,164,340,536,7796,76,490,2702,56,3323,2213,0,0,2213,4200,-26,2440,2260,0.4,71,7456,70,90.62
2021,9,2021-09-27,7240,41,5,28,159,330,522,7803,78,490,2700,55,3322,2162,0,0,2162,3070,-1136,3606,2319,0.4,70,7473,69,90.79
2021,9,2021-09-28,7630,41,5,28,140,285,458,8129,94,398,2685,43,3219,2157,0,0,2157,2247.5,-1915,4820,2754,0.37,66,7844,65,90.84
2021,9,2021-09-29,7520,41,5,29,126,278,438,7999,102,399,1746,36,2284,2106,0,0,2106,2428,-786,4544,3610,0.26,55,7721,53,90.71
2021,9,2021-09-30,7500,42,6,45,118,297,466,8008,99,796,797,45,1737,2074,0,0,2074,3760,1141,3202,4197,0.19,48,7711,46,90.5
